940980101901332522	2018-06-06T11:26:00	2018-06-06T11:26:01Z	1058480271	api-ciudades-seguras-pdn	54.226.118.60	Local3	Info	heroku/router	at=info method=GET path="/robots.txt" host=api-ciudades-seguras-pdn.herokuapp.com request_id=1a482988-d0b0-4c36-8fe6-d157288617b1 fwd="66.249.66.73" dyno=web.1 connect=0ms service=215ms status=404 bytes=2259 protocol=https 
940980183526686743	2018-06-06T11:26:20	2018-06-06T11:26:20Z	1058480271	api-ciudades-seguras-pdn	54.145.111.0	Local3	Info	heroku/router	at=info method=POST path="/api/v1/events_query" host=api-ciudades-seguras-pdn.herokuapp.com request_id=8935a4e9-57ac-4f4b-b4b3-b943965748ac fwd="66.249.66.74" dyno=web.1 connect=1ms service=1043ms status=200 bytes=17907 protocol=https 
941025590680113155	2018-06-06T14:26:46	2018-06-06T14:26:46Z	1058480271	api-ciudades-seguras-pdn	54.221.59.197	Local3	Info	heroku/router	at=info method=OPTIONS path="/api/v1/events_query" host=api-ciudades-seguras-pdn.herokuapp.com request_id=5b47747d-c64d-4be3-ad5d-48ca4b835e32 fwd="66.249.66.86" dyno=web.1 connect=1ms service=10ms status=200 bytes=321 protocol=https 
941035954088062986	2018-06-06T15:07:57	2018-06-06T15:07:57Z	1058480271	api-ciudades-seguras-pdn	54.158.22.215	Local3	Info	heroku/router	at=info method=GET path="/api/v1/events/risk-objects" host=api-ciudades-seguras-pdn.herokuapp.com request_id=af4bf174-5a05-450b-a129-17d69f5eb3c6 fwd="190.131.244.2" dyno=web.1 connect=0ms service=117ms status=200 bytes=748 protocol=https 
941035972891136027	2018-06-06T15:08:01	2018-06-06T15:08:02Z	1058480271	api-ciudades-seguras-pdn	54.80.144.28	Local3	Info	heroku/router	at=info method=GET path="/api/v1/events/risk-objects" host=api-ciudades-seguras-pdn.herokuapp.com request_id=7a588a3b-7b7c-4da1-bc2e-903194ade961 fwd="190.131.244.2" dyno=web.1 connect=0ms service=75ms status=200 bytes=748 protocol=https 
941035980960960567	2018-06-06T15:08:03	2018-06-06T15:08:03Z	1058480271	api-ciudades-seguras-pdn	54.211.106.126	Local3	Info	heroku/router	at=info method=GET path="/api/v1/riskObjects" host=api-ciudades-seguras-pdn.herokuapp.com request_id=d2bf9f25-ef61-4b9e-88f8-442def5c89aa fwd="190.131.244.2" dyno=web.1 connect=0ms service=34ms status=200 bytes=1232 protocol=https 
941035981250367615	2018-06-06T15:08:03	2018-06-06T15:08:04Z	1058480271	api-ciudades-seguras-pdn	54.211.106.126	Local3	Info	heroku/router	at=info method=GET path="/api/v1/events/risk-objects" host=api-ciudades-seguras-pdn.herokuapp.com request_id=78e22b6c-d889-4e72-b0ac-de75e6b6c54a fwd="190.131.244.2" dyno=web.1 connect=1ms service=72ms status=200 bytes=748 protocol=https 
941035981820805148	2018-06-06T15:08:03	2018-06-06T15:08:04Z	1058480271	api-ciudades-seguras-pdn	54.159.214.23	Local3	Info	heroku/router	at=info method=OPTIONS path="/api/v1/events_query" host=api-ciudades-seguras-pdn.herokuapp.com request_id=241e66e9-56c7-44cb-a79c-82918ea7c25f fwd="190.131.244.2" dyno=web.1 connect=1ms service=21ms status=200 bytes=321 protocol=https 
941035986249994244	2018-06-06T15:08:04	2018-06-06T15:08:05Z	1058480271	api-ciudades-seguras-pdn	54.90.66.83	Local3	Info	heroku/router	at=info method=POST path="/api/v1/events_query" host=api-ciudades-seguras-pdn.herokuapp.com request_id=2e173d4b-808c-4845-9ab4-d66fa9ebd4fa fwd="190.131.244.2" dyno=web.1 connect=1ms service=768ms status=200 bytes=348604 protocol=https 
941036007108263969	2018-06-06T15:08:09	2018-06-06T15:08:10Z	1058480271	api-ciudades-seguras-pdn	23.23.11.34	Local3	Info	heroku/router	at=info method=POST path="/api/v1/events_query" host=api-ciudades-seguras-pdn.herokuapp.com request_id=1a72ffa1-e1aa-4700-b0e9-d0b597c65b0e fwd="190.131.244.2" dyno=web.1 connect=1ms service=152ms status=200 bytes=67387 protocol=https 
941036771335614490	2018-06-06T15:11:12	2018-06-06T15:11:12Z	1058480271	api-ciudades-seguras-pdn	54.159.210.58	Local3	Info	heroku/router	at=info method=GET path="/api/v1/events/risk-objects" host=api-ciudades-seguras-pdn.herokuapp.com request_id=13dc920c-d824-4ddd-9f2f-01cfba2d4abf fwd="200.122.246.36" dyno=web.1 connect=1ms service=232ms status=200 bytes=748 protocol=https 
941036772145119261	2018-06-06T15:11:12	2018-06-06T15:11:12Z	1058480271	api-ciudades-seguras-pdn	54.160.148.196	Local3	Info	heroku/router	at=info method=OPTIONS path="/api/v1/events_query" host=api-ciudades-seguras-pdn.herokuapp.com request_id=bc7c6141-b3ac-4b49-987d-f3b2db3854e7 fwd="200.122.246.36" dyno=web.1 connect=1ms service=49ms status=200 bytes=321 protocol=https 
941036774871416852	2018-06-06T15:11:12	2018-06-06T15:11:13Z	1058480271	api-ciudades-seguras-pdn	54.91.126.170	Local3	Info	heroku/router	at=info method=POST path="/api/v1/events_query" host=api-ciudades-seguras-pdn.herokuapp.com request_id=a33d738a-3b81-48b2-b3a7-aa75584dddfa fwd="200.122.246.36" dyno=web.1 connect=1ms service=679ms status=200 bytes=348604 protocol=https 
941036775454412865	2018-06-06T15:11:12	2018-06-06T15:11:13Z	1058480271	api-ciudades-seguras-pdn	54.167.128.253	Local3	Info	heroku/router	at=info method=GET path="/api/v1/riskObjects" host=api-ciudades-seguras-pdn.herokuapp.com request_id=cfda425d-a063-4d0c-b259-0e5400e8f677 fwd="200.122.246.36" dyno=web.1 connect=1ms service=166ms status=200 bytes=1232 protocol=https 
941036803363319829	2018-06-06T15:11:19	2018-06-06T15:11:20Z	1058480271	api-ciudades-seguras-pdn	54.157.239.76	Local3	Info	heroku/router	at=info method=POST path="/api/v1/events_query" host=api-ciudades-seguras-pdn.herokuapp.com request_id=296f8bc4-7da3-4d40-8c1f-473ffca8e50a fwd="200.122.246.36" dyno=web.1 connect=1ms service=88ms status=200 bytes=67387 protocol=https 
941037255781928965	2018-06-06T15:13:07	2018-06-06T15:13:07Z	1058480271	api-ciudades-seguras-pdn	54.224.20.91	Local3	Info	heroku/router	at=info method=GET path="/api/v1/riskObjects" host=api-ciudades-seguras-pdn.herokuapp.com request_id=16f4c742-2832-411a-9350-8b0592d39379 fwd="200.122.246.36" dyno=web.1 connect=1ms service=98ms status=200 bytes=1232 protocol=https 
941037520870330380	2018-06-06T15:14:10	2018-06-06T15:14:11Z	1058480271	api-ciudades-seguras-pdn	54.226.154.19	Local3	Info	heroku/router	at=info method=GET path="/api/v1/events/risk-objects" host=api-ciudades-seguras-pdn.herokuapp.com request_id=2f54376b-256d-42c0-9973-8af9d16801f3 fwd="200.122.246.36" dyno=web.1 connect=1ms service=114ms status=200 bytes=748 protocol=https 
941037548926025789	2018-06-06T15:14:17	2018-06-06T15:14:17Z	1058480271	api-ciudades-seguras-pdn	54.211.106.126	Local3	Info	heroku/router	at=info method=GET path="/api/v1/riskObjects" host=api-ciudades-seguras-pdn.herokuapp.com request_id=326803a1-8a1f-4963-bb2f-1eaa8add1148 fwd="200.122.246.36" dyno=web.1 connect=1ms service=32ms status=200 bytes=1232 protocol=https 
941037549899108361	2018-06-06T15:14:17	2018-06-06T15:14:18Z	1058480271	api-ciudades-seguras-pdn	54.80.166.131	Local3	Info	heroku/router	at=info method=GET path="/api/v1/events/risk-objects" host=api-ciudades-seguras-pdn.herokuapp.com request_id=c96efd72-8371-41f3-adb1-c9206302f146 fwd="200.122.246.36" dyno=web.1 connect=1ms service=65ms status=200 bytes=748 protocol=https 
941037551312584729	2018-06-06T15:14:17	2018-06-06T15:14:18Z	1058480271	api-ciudades-seguras-pdn	54.198.167.19	Local3	Info	heroku/router	at=info method=POST path="/api/v1/events_query" host=api-ciudades-seguras-pdn.herokuapp.com request_id=298cc13e-7c0b-4441-b5bb-819a3b6077d7 fwd="200.122.246.36" dyno=web.1 connect=1ms service=114ms status=200 bytes=67387 protocol=https 
941045285609160731	2018-06-06T15:45:02	2018-06-06T15:45:02Z	1058480271	api-ciudades-seguras-pdn	54.167.158.243	Local3	Info	heroku/router	at=info method=GET path="/api/v1/riskObjects" host=api-ciudades-seguras-pdn.herokuapp.com request_id=c909c5af-b555-46a4-9dbd-4d76ab60827b fwd="190.145.193.27" dyno=web.1 connect=0ms service=97ms status=200 bytes=1232 protocol=https 
941045286896812057	2018-06-06T15:45:02	2018-06-06T15:45:02Z	1058480271	api-ciudades-seguras-pdn	54.167.136.171	Local3	Info	heroku/router	at=info method=GET path="/api/v1/events/risk-objects" host=api-ciudades-seguras-pdn.herokuapp.com request_id=c334f9c2-4e38-46dd-a006-cf68a6e0b5e5 fwd="190.145.193.27" dyno=web.1 connect=1ms service=149ms status=200 bytes=748 protocol=https 
941045287165243451	2018-06-06T15:45:02	2018-06-06T15:45:02Z	1058480271	api-ciudades-seguras-pdn	54.242.240.66	Local3	Info	heroku/router	at=info method=OPTIONS path="/api/v1/events_query" host=api-ciudades-seguras-pdn.herokuapp.com request_id=2631c66b-c547-4d32-8fa4-992ddeb3e787 fwd="190.145.193.27" dyno=web.1 connect=0ms service=11ms status=200 bytes=321 protocol=https 
941045288784248873	2018-06-06T15:45:02	2018-06-06T15:45:03Z	1058480271	api-ciudades-seguras-pdn	50.17.80.51	Local3	Info	heroku/router	at=info method=POST path="/api/v1/events_query" host=api-ciudades-seguras-pdn.herokuapp.com request_id=ef165d7b-6cdf-418e-9be3-0958aebb03cf fwd="190.145.193.27" dyno=web.1 connect=3ms service=359ms status=200 bytes=348604 protocol=https 
941045436906098710	2018-06-06T15:45:31	2018-06-06T15:45:38Z	1058480271	api-ciudades-seguras-pdn	54.221.172.10	Local3	Info	heroku/router	at=info method=POST path="/api/v1/events_query" host=api-ciudades-seguras-pdn.herokuapp.com request_id=33764c72-bcd7-4ed9-9196-e50ec75dec45 fwd="190.145.193.27" dyno=web.1 connect=0ms service=68ms status=200 bytes=67387 protocol=https 
941083923508244487	2018-06-06T18:18:34	2018-06-06T18:18:34Z	1058480271	api-ciudades-seguras-pdn	54.80.166.131	Local3	Info	heroku/router	at=info method=GET path="/api/v1/events/risk-objects" host=api-ciudades-seguras-pdn.herokuapp.com request_id=17887822-49a1-4cd8-8508-d63384f0895e fwd="35.230.93.42" dyno=web.1 connect=0ms service=62ms status=200 bytes=748 protocol=https 
941083985432948743	2018-06-06T18:18:48	2018-06-06T18:18:49Z	1058480271	api-ciudades-seguras-pdn	54.157.239.76	Local3	Info	heroku/router	at=info method=GET path="/api/v1/events/risk-objects" host=api-ciudades-seguras-pdn.herokuapp.com request_id=c38c53d4-602a-4fe1-99f3-b0adbc4c250f fwd="35.230.93.42" dyno=web.1 connect=0ms service=25ms status=200 bytes=748 protocol=https 
941084048515280908	2018-06-06T18:19:03	2018-06-06T18:19:04Z	1058480271	api-ciudades-seguras-pdn	54.159.210.58	Local3	Info	heroku/router	at=info method=GET path="/api/v1/events/risk-objects" host=api-ciudades-seguras-pdn.herokuapp.com request_id=891463f1-ee08-4d26-90b5-6ace67150f9d fwd="35.230.93.42" dyno=web.1 connect=0ms service=49ms status=200 bytes=748 protocol=https 
941099439979384857	2018-06-06T19:20:13	2018-06-06T19:20:13Z	1058480271	api-ciudades-seguras-pdn	54.198.167.19	Local3	Info	heroku/router	at=info method=GET path="/api/v1/events/risk-objects" host=api-ciudades-seguras-pdn.herokuapp.com request_id=2e9d4454-3606-4885-ac06-b354a3a791b3 fwd="181.57.250.20" dyno=web.1 connect=1ms service=130ms status=200 bytes=748 protocol=https 
941099482048254062	2018-06-06T19:20:23	2018-06-06T19:20:23Z	1058480271	api-ciudades-seguras-pdn	184.73.58.4	Local3	Info	heroku/router	at=info method=GET path="/api/v1/riskObjects" host=api-ciudades-seguras-pdn.herokuapp.com request_id=4d23fd15-dcd2-488d-aebc-ccd6ec21ce15 fwd="181.57.250.20" dyno=web.1 connect=1ms service=53ms status=200 bytes=1232 protocol=https 
941100922619707465	2018-06-06T19:26:06	2018-06-06T19:26:07Z	1058480271	api-ciudades-seguras-pdn	54.221.156.10	Local3	Info	heroku/router	at=info method=OPTIONS path="/api/v1/events" host=api-ciudades-seguras-pdn.herokuapp.com request_id=1e3e010a-cd3e-4a98-91a5-06347fb81010 fwd="181.57.250.20" dyno=web.1 connect=1ms service=17ms status=200 bytes=321 protocol=https 
941100923605372963	2018-06-06T19:26:07	2018-06-06T19:26:07Z	1058480271	api-ciudades-seguras-pdn	184.73.43.14	Local3	Info	heroku/router	at=info method=POST path="/api/v1/events" host=api-ciudades-seguras-pdn.herokuapp.com request_id=10403cec-d9ac-4177-82bc-89f75c889ffc fwd="181.57.250.20" dyno=web.1 connect=1ms service=131ms status=200 bytes=654 protocol=https 
941100935173246987	2018-06-06T19:26:08	2018-06-06T19:26:10Z	1058480271	api-ciudades-seguras-pdn	54.162.161.144	Local3	Info	heroku/router	at=info method=GET path="/api/v1/events/681" host=api-ciudades-seguras-pdn.herokuapp.com request_id=0c140aa6-d925-4698-90f4-720955f29719 fwd="181.57.250.20" dyno=web.1 connect=1ms service=947ms status=200 bytes=654 protocol=https 
941100980924723214	2018-06-06T19:26:20	2018-06-06T19:26:21Z	1058480271	api-ciudades-seguras-pdn	54.145.244.21	Local3	Info	heroku/router	at=info method=GET path="/api/v1/riskObjects" host=api-ciudades-seguras-pdn.herokuapp.com request_id=e5405f68-7a98-4d6d-b369-d434e6f93791 fwd="181.57.250.20" dyno=web.1 connect=0ms service=83ms status=200 bytes=1232 protocol=https 
941100981897801772	2018-06-06T19:26:21	2018-06-06T19:26:21Z	1058480271	api-ciudades-seguras-pdn	23.23.11.34	Local3	Info	heroku/router	at=info method=GET path="/api/v1/events/risk-objects" host=api-ciudades-seguras-pdn.herokuapp.com request_id=99536494-f3dd-47b6-95a5-bc55edfed64a fwd="181.57.250.20" dyno=web.1 connect=0ms service=71ms status=200 bytes=748 protocol=https 
941100983009292335	2018-06-06T19:26:21	2018-06-06T19:26:21Z	1058480271	api-ciudades-seguras-pdn	54.211.28.187	Local3	Info	heroku/router	at=info method=OPTIONS path="/api/v1/events_query" host=api-ciudades-seguras-pdn.herokuapp.com request_id=9044c515-06df-4427-8367-43fedf316c51 fwd="181.57.250.20" dyno=web.1 connect=1ms service=5ms status=200 bytes=321 protocol=https 
941100987002277910	2018-06-06T19:26:21	2018-06-06T19:26:22Z	1058480271	api-ciudades-seguras-pdn	54.196.100.221	Local3	Info	heroku/router	at=info method=POST path="/api/v1/events_query" host=api-ciudades-seguras-pdn.herokuapp.com request_id=1ba63057-fd01-4a04-a464-558e0fff9833 fwd="181.57.250.20" dyno=web.1 connect=0ms service=506ms status=200 bytes=349043 protocol=https 
941101042841047090	2018-06-06T19:26:35	2018-06-06T19:26:35Z	1058480271	api-ciudades-seguras-pdn	54.157.239.76	Local3	Info	heroku/router	at=info method=POST path="/api/v1/events_query" host=api-ciudades-seguras-pdn.herokuapp.com request_id=9a545a4f-b398-425e-9297-de546185dce9 fwd="181.57.250.20" dyno=web.1 connect=1ms service=376ms status=200 bytes=207064 protocol=https 
941101077024616477	2018-06-06T19:26:43	2018-06-06T19:26:44Z	1058480271	api-ciudades-seguras-pdn	54.242.77.203	Local3	Info	heroku/router	at=info method=POST path="/api/v1/events_query" host=api-ciudades-seguras-pdn.herokuapp.com request_id=b8f4f015-353a-49ac-9ec3-41c14eb0b5af fwd="181.57.250.20" dyno=web.1 connect=1ms service=696ms status=200 bytes=349043 protocol=https 
941101087971749900	2018-06-06T19:26:46	2018-06-06T19:26:46Z	1058480271	api-ciudades-seguras-pdn	54.226.214.204	Local3	Info	heroku/router	at=info method=POST path="/api/v1/events_query" host=api-ciudades-seguras-pdn.herokuapp.com request_id=22f03e98-a563-4a23-bf8e-b90cfe716b8b fwd="181.57.250.20" dyno=web.1 connect=0ms service=165ms status=200 bytes=207064 protocol=https 
941101099959078913	2018-06-06T19:26:49	2018-06-06T19:26:49Z	1058480271	api-ciudades-seguras-pdn	184.73.43.14	Local3	Info	heroku/router	at=info method=POST path="/api/v1/events_query" host=api-ciudades-seguras-pdn.herokuapp.com request_id=823136d7-9deb-423f-a013-1d08261d1705 fwd="181.57.250.20" dyno=web.1 connect=2ms service=538ms status=200 bytes=349043 protocol=https 
941101142573203467	2018-06-06T19:26:59	2018-06-06T19:26:59Z	1058480271	api-ciudades-seguras-pdn	54.221.156.10	Local3	Info	heroku/router	at=info method=GET path="/api/v1/riskObjects" host=api-ciudades-seguras-pdn.herokuapp.com request_id=e7d7f76f-fd3f-4170-8792-9ce86d582ab6 fwd="181.57.250.20" dyno=web.1 connect=1ms service=42ms status=200 bytes=1232 protocol=https 
941101150252978249	2018-06-06T19:27:01	2018-06-06T19:27:01Z	1058480271	api-ciudades-seguras-pdn	54.196.62.49	Local3	Info	heroku/router	at=info method=GET path="/api/v1/events/risk-objects" host=api-ciudades-seguras-pdn.herokuapp.com request_id=d2fca375-db53-4608-804d-2ff134d60fb3 fwd="181.57.250.20" dyno=web.1 connect=1ms service=100ms status=200 bytes=748 protocol=https 
941102479708930056	2018-06-06T19:32:12	2018-06-06T19:32:18Z	1058480271	api-ciudades-seguras-pdn	54.159.210.58	Local3	Info	heroku/router	at=info method=GET path="/api/v1/events/risk-objects" host=api-ciudades-seguras-pdn.herokuapp.com request_id=6eb8dbb7-d606-4f41-8fde-c7a86f0655e6 fwd="167.0.1.48" dyno=web.1 connect=0ms service=162ms status=200 bytes=748 protocol=https 
941102562940698669	2018-06-06T19:32:37	2018-06-06T19:32:38Z	1058480271	api-ciudades-seguras-pdn	174.129.80.251	Local3	Info	heroku/router	at=info method=GET path="/api/v1/riskObjects" host=api-ciudades-seguras-pdn.herokuapp.com request_id=8c2349bf-041f-487c-bae0-44eeb62d5566 fwd="167.0.1.48" dyno=web.1 connect=0ms service=53ms status=200 bytes=1232 protocol=https 
941103957420945439	2018-06-06T19:38:10	2018-06-06T19:38:10Z	1058480271	api-ciudades-seguras-pdn	54.196.62.49	Local3	Info	heroku/router	at=info method=GET path="/api/v1/events/risk-objects" host=api-ciudades-seguras-pdn.herokuapp.com request_id=1291de54-d7ab-499c-8517-db9feab43834 fwd="69.171.224.247" dyno=web.1 connect=1ms service=316ms status=200 bytes=748 protocol=https 
941103965146861581	2018-06-06T19:38:12	2018-06-06T19:38:12Z	1058480271	api-ciudades-seguras-pdn	54.80.166.131	Local3	Info	heroku/router	at=info method=GET path="/api/v1/events/risk-objects" host=api-ciudades-seguras-pdn.herokuapp.com request_id=efdca1cf-7335-4bb0-abde-591e42edc99b fwd="167.0.1.48" dyno=web.1 connect=2ms service=163ms status=200 bytes=748 protocol=https 
941103984709095444	2018-06-06T19:38:17	2018-06-06T19:38:17Z	1058480271	api-ciudades-seguras-pdn	54.162.41.191	Local3	Info	heroku/router	at=info method=GET path="/api/v1/riskObjects" host=api-ciudades-seguras-pdn.herokuapp.com request_id=ac901a63-01b6-4fb4-bfe4-5b42e2e0a3c1 fwd="167.0.1.48" dyno=web.1 connect=2ms service=56ms status=200 bytes=1232 protocol=https 
941104315333492769	2018-06-06T19:39:29	2018-06-06T19:39:36Z	1058480271	api-ciudades-seguras-pdn	54.91.126.170	Local3	Info	heroku/router	at=info method=GET path="/api/v1/events/risk-objects" host=api-ciudades-seguras-pdn.herokuapp.com request_id=907bfc09-e46e-4697-a6df-7d96c6b8cf17 fwd="167.0.1.48" dyno=web.1 connect=0ms service=155ms status=200 bytes=748 protocol=https 
941104341782777899	2018-06-06T19:39:36	2018-06-06T19:39:42Z	1058480271	api-ciudades-seguras-pdn	54.226.154.19	Local3	Info	heroku/router	at=info method=GET path="/api/v1/riskObjects" host=api-ciudades-seguras-pdn.herokuapp.com request_id=46cc9aef-aef9-4bee-b782-f07975aa8db5 fwd="167.0.1.48" dyno=web.1 connect=0ms service=39ms status=200 bytes=1232 protocol=https 
941104364041949189	2018-06-06T19:39:47	2018-06-06T19:39:47Z	1058480271	api-ciudades-seguras-pdn	54.80.219.142	Syslog	Notice	heroku/web.1	Cycling 
941104364352327680	2018-06-06T19:39:47	2018-06-06T19:39:47Z	1058480271	api-ciudades-seguras-pdn	54.80.219.142	Syslog	Notice	heroku/web.1	State changed from up to starting 
941104373718208515	2018-06-06T19:39:49	2018-06-06T19:39:50Z	1058480271	api-ciudades-seguras-pdn	54.92.216.170	Syslog	Notice	heroku/web.1	Process exited with status 143 
941104386674405421	2018-06-06T19:39:52	2018-06-06T19:39:53Z	1058480271	api-ciudades-seguras-pdn	54.92.176.105	Syslog	Notice	heroku/web.1	Starting process with command `target/universal/stage/bin/ciudades_seguras -Dhttp.port=${PORT} -Dconfig.resource=production.conf` 
941104394161238109	2018-06-06T19:39:48	2018-06-06T19:39:54Z	1058480271	api-ciudades-seguras-pdn	54.90.66.83	Syslog	Notice	heroku/web.1	Stopping all processes with SIGTERM 
941104395490840580	2018-06-06T19:39:54	2018-06-06T19:39:55Z	1058480271	api-ciudades-seguras-pdn	54.80.144.28	Local7	Info	app/web.1	Setting JAVA_TOOL_OPTIONS defaults based on dyno size. Custom settings will override them. 
941104395490840581	2018-06-06T19:39:54	2018-06-06T19:39:55Z	1058480271	api-ciudades-seguras-pdn	54.80.144.28	Local7	Info	app/web.1	Picked up JAVA_TOOL_OPTIONS: -Xmx350m -Xss512k -Dfile.encoding=UTF-8  
941104405552971818	2018-06-06T19:39:57	2018-06-06T19:39:57Z	1058480271	api-ciudades-seguras-pdn	54.157.213.241	Local7	Info	app/web.1	SLF4J: Class path contains multiple SLF4J bindings. 
941104405859155988	2018-06-06T19:39:57	2018-06-06T19:39:57Z	1058480271	api-ciudades-seguras-pdn	54.157.213.241	Local7	Info	app/web.1	SLF4J: Found binding in [jar:file:/app/target/universal/stage/lib/ch.qos.logback.logback-classic-1.1.7.jar!/org/slf4j/impl/StaticLoggerBinder.class] 
941104405859155994	2018-06-06T19:39:57	2018-06-06T19:39:57Z	1058480271	api-ciudades-seguras-pdn	54.157.213.241	Local7	Info	app/web.1	SLF4J: Found binding in [jar:file:/app/target/universal/stage/lib/org.slf4j.slf4j-nop-1.6.4.jar!/org/slf4j/impl/StaticLoggerBinder.class] 
941104405859155995	2018-06-06T19:39:57	2018-06-06T19:39:57Z	1058480271	api-ciudades-seguras-pdn	54.157.213.241	Local7	Info	app/web.1	SLF4J: See http://www.slf4j.org/codes.html#multiple_bindings for an explanation. 
941104405859155996	2018-06-06T19:39:57	2018-06-06T19:39:57Z	1058480271	api-ciudades-seguras-pdn	54.157.213.241	Local7	Info	app/web.1	SLF4J: Actual binding is of type [ch.qos.logback.classic.util.ContextSelectorStaticBinder] 
941104412918165515	2018-06-06T19:39:58	2018-06-06T19:39:59Z	1058480271	api-ciudades-seguras-pdn	54.162.28.15	Local7	Info	app/web.1	[[33mwarn[0m] s.b.DatabaseConfig - Use `profile` instead of `driver`. The latter is deprecated since Slick 3.2 and will be removed. 
941104424582524946	2018-06-06T19:40:01	2018-06-06T19:40:02Z	1058480271	api-ciudades-seguras-pdn	107.22.7.2	Local7	Info	app/web.1	[[37minfo[0m] play.api.Play - Application started (Prod) 
941104426553856076	2018-06-06T19:40:02	2018-06-06T19:40:02Z	1058480271	api-ciudades-seguras-pdn	54.80.219.142	Syslog	Notice	heroku/web.1	State changed from starting to up 
941104427178799135	2018-06-06T19:40:02	2018-06-06T19:40:02Z	1058480271	api-ciudades-seguras-pdn	54.80.66.73	Local7	Info	app/web.1	[[37minfo[0m] p.c.s.NettyServer - Listening for HTTP on /0:0:0:0:0:0:0:0:57521 
941104611094843428	2018-06-06T19:40:46	2018-06-06T19:40:46Z	1058480271	api-ciudades-seguras-pdn	54.160.148.196	Local3	Info	heroku/router	at=info method=GET path="/api/v1/riskObjects" host=api-ciudades-seguras-pdn.herokuapp.com request_id=8a099bad-7355-4f72-af6e-081c8644d4fb fwd="167.0.1.48" dyno=web.1 connect=1ms service=1211ms status=200 bytes=1232 protocol=https 
941104625758113889	2018-06-06T19:40:48	2018-06-06T19:40:50Z	1058480271	api-ciudades-seguras-pdn	54.157.239.76	Local3	Info	heroku/router	at=info method=POST path="/api/v1/events_query" host=api-ciudades-seguras-pdn.herokuapp.com request_id=e218c8cd-80d7-4280-b20c-fa0b4599ea75 fwd="167.0.1.48" dyno=web.1 connect=1ms service=1560ms status=200 bytes=349043 protocol=https 
941104637133078603	2018-06-06T19:40:46	2018-06-06T19:40:52Z	1058480271	api-ciudades-seguras-pdn	54.205.117.48	Local3	Info	heroku/router	at=info method=GET path="/api/v1/events/risk-objects" host=api-ciudades-seguras-pdn.herokuapp.com request_id=f0cd2557-1bc9-41db-a8ea-bff5d74948fe fwd="167.0.1.48" dyno=web.1 connect=0ms service=1178ms status=200 bytes=748 protocol=https 
941104638475255871	2018-06-06T19:40:46	2018-06-06T19:40:53Z	1058480271	api-ciudades-seguras-pdn	54.163.41.170	Local3	Info	heroku/router	at=info method=OPTIONS path="/api/v1/events_query" host=api-ciudades-seguras-pdn.herokuapp.com request_id=48d998e7-6cc6-4dde-9ecd-361ba3591a61 fwd="167.0.1.48" dyno=web.1 connect=1ms service=11ms status=200 bytes=321 protocol=https 
941104750177959956	2018-06-06T19:41:19	2018-06-06T19:41:19Z	1058480271	api-ciudades-seguras-pdn	174.129.100.16	Local3	Info	heroku/router	at=info method=GET path="/api/v1/events/risk-objects" host=api-ciudades-seguras-pdn.herokuapp.com request_id=50127ab4-64c3-4387-be51-4bad640168cc fwd="181.234.205.42" dyno=web.1 connect=0ms service=56ms status=200 bytes=748 protocol=https 
941105011621511204	2018-06-06T19:42:15	2018-06-06T19:42:22Z	1058480271	api-ciudades-seguras-pdn	54.198.231.177	Local3	Info	heroku/router	at=info method=GET path="/api/v1/events/risk-objects" host=api-ciudades-seguras-pdn.herokuapp.com request_id=cb4a79cb-7256-4c62-992c-fd6c0a26cb05 fwd="201.184.101.106" dyno=web.1 connect=1ms service=46ms status=200 bytes=748 protocol=https 
941105308586623002	2018-06-06T19:43:32	2018-06-06T19:43:32Z	1058480271	api-ciudades-seguras-pdn	54.91.126.170	Local3	Info	heroku/router	at=info method=GET path="/api/v1/events/risk-objects" host=api-ciudades-seguras-pdn.herokuapp.com request_id=c528fdec-b3c2-4fad-a6a6-3b71b296fa7d fwd="201.184.157.250" dyno=web.1 connect=0ms service=53ms status=200 bytes=748 protocol=https 
941105593568612382	2018-06-06T19:44:40	2018-06-06T19:44:40Z	1058480271	api-ciudades-seguras-pdn	54.80.66.73	Local3	Info	heroku/router	at=info method=POST path="/api/v1/events_query" host=api-ciudades-seguras-pdn.herokuapp.com request_id=445652e9-2f21-44b1-82eb-e54a69fe59fe fwd="167.0.1.48" dyno=web.1 connect=0ms service=204ms status=200 bytes=349043 protocol=https 
941105596932435982	2018-06-06T19:44:41	2018-06-06T19:44:41Z	1058480271	api-ciudades-seguras-pdn	54.167.128.253	Local3	Info	heroku/router	at=info method=GET path="/api/v1/events/risk-objects" host=api-ciudades-seguras-pdn.herokuapp.com request_id=644df2c3-656b-4fc6-9f4b-68de1476de3b fwd="54.210.146.174" dyno=web.1 connect=0ms service=48ms status=200 bytes=633 protocol=https 
941105635700396043	2018-06-06T19:44:50	2018-06-06T19:44:50Z	1058480271	api-ciudades-seguras-pdn	54.224.24.32	Local3	Info	heroku/router	at=info method=POST path="/api/v1/events_query" host=api-ciudades-seguras-pdn.herokuapp.com request_id=dfc79be1-58bc-4b3a-aeb9-bc68af863301 fwd="167.0.1.48" dyno=web.1 connect=1ms service=36ms status=200 bytes=243 protocol=https 
941105641446584333	2018-06-06T19:44:37	2018-06-06T19:44:52Z	1058480271	api-ciudades-seguras-pdn	54.234.1.105	Local3	Info	heroku/router	at=info method=POST path="/api/v1/events_query" host=api-ciudades-seguras-pdn.herokuapp.com request_id=ae57727c-81c6-4f4d-8534-264622c534db fwd="167.0.1.48" dyno=web.1 connect=0ms service=391ms status=200 bytes=349043 protocol=https 
941105665609977900	2018-06-06T19:44:57	2018-06-06T19:44:58Z	1058480271	api-ciudades-seguras-pdn	54.235.15.142	Local3	Info	heroku/router	at=info method=GET path="/api/v1/riskObjects" host=api-ciudades-seguras-pdn.herokuapp.com request_id=bf2b0ad6-391c-48c4-b5b6-65c0e50a7961 fwd="167.0.1.48" dyno=web.1 connect=1ms service=18ms status=200 bytes=1232 protocol=https 
941105921496072203	2018-06-06T19:45:52	2018-06-06T19:45:59Z	1058480271	api-ciudades-seguras-pdn	54.211.106.126	Local3	Info	heroku/router	at=info method=GET path="/api/v1/events/risk-objects" host=api-ciudades-seguras-pdn.herokuapp.com request_id=091a46be-8ab0-47f9-b647-6f3643b270e3 fwd="54.172.186.223" dyno=web.1 connect=0ms service=87ms status=200 bytes=633 protocol=https 
941106247636762628	2018-06-06T19:47:10	2018-06-06T19:47:16Z	1058480271	api-ciudades-seguras-pdn	54.80.151.226	Local3	Info	heroku/router	at=info method=GET path="/api/v1/events/risk-objects" host=api-ciudades-seguras-pdn.herokuapp.com request_id=4765669e-7756-4956-9b8f-3b4b259bd133 fwd="190.24.58.214" dyno=web.1 connect=0ms service=113ms status=200 bytes=748 protocol=https 
941106298232655906	2018-06-06T19:47:14	2018-06-06T19:47:28Z	1058480271	api-ciudades-seguras-pdn	54.159.214.23	Local3	Info	heroku/router	at=info method=GET path="/api/v1/riskObjects" host=api-ciudades-seguras-pdn.herokuapp.com request_id=9ed422d7-8cfb-4aa0-ae8b-bbe392065f8b fwd="190.24.58.214" dyno=web.1 connect=0ms service=92ms status=200 bytes=1232 protocol=https 
941106626470498387	2018-06-06T19:48:46	2018-06-06T19:48:47Z	1058480271	api-ciudades-seguras-pdn	54.163.41.170	Local3	Info	heroku/router	at=info method=GET path="/api/v1/riskObjects" host=api-ciudades-seguras-pdn.herokuapp.com request_id=a0e0bd41-5798-46cb-adc8-454fa5c27a7c fwd="191.102.76.2" dyno=web.1 connect=1ms service=14ms status=200 bytes=1232 protocol=https 
941106634125099087	2018-06-06T19:48:42	2018-06-06T19:48:49Z	1058480271	api-ciudades-seguras-pdn	54.145.111.0	Local3	Info	heroku/router	at=info method=GET path="/api/v1/events/risk-objects" host=api-ciudades-seguras-pdn.herokuapp.com request_id=f7db12b6-8cec-4857-ac22-0f9d65770189 fwd="191.102.76.2" dyno=web.1 connect=1ms service=58ms status=200 bytes=748 protocol=https 
941107086585630720	2018-06-06T19:50:35	2018-06-06T19:50:36Z	1058480271	api-ciudades-seguras-pdn	54.242.124.150	Local3	Info	heroku/router	at=info method=GET path="/api/v1/events/risk-objects" host=api-ciudades-seguras-pdn.herokuapp.com request_id=8b730a30-2455-4822-890a-79c08aa9a21c fwd="54.224.214.103" dyno=web.1 connect=1ms service=22ms status=200 bytes=633 protocol=https 
941107439884447752	2018-06-06T19:52:00	2018-06-06T19:52:01Z	1058480271	api-ciudades-seguras-pdn	54.205.61.60	Local3	Info	heroku/router	at=info method=GET path="/api/v1/events/risk-objects" host=api-ciudades-seguras-pdn.herokuapp.com request_id=c178a0d9-346a-48c2-be6e-466461368de4 fwd="186.155.19.156" dyno=web.1 connect=1ms service=30ms status=200 bytes=748 protocol=https 
941107502555738129	2018-06-06T19:52:15	2018-06-06T19:52:16Z	1058480271	api-ciudades-seguras-pdn	54.166.106.103	Local3	Info	heroku/router	at=info method=GET path="/api/v1/riskObjects" host=api-ciudades-seguras-pdn.herokuapp.com request_id=5fe4dedb-71e6-416e-8750-f4f9f7a3aef1 fwd="186.155.19.156" dyno=web.1 connect=1ms service=13ms status=200 bytes=1232 protocol=https 
941107655907889244	2018-06-06T19:52:52	2018-06-06T19:52:52Z	1058480271	api-ciudades-seguras-pdn	54.221.158.91	Local3	Info	heroku/router	at=info method=GET path="/api/v1/events/risk-objects" host=api-ciudades-seguras-pdn.herokuapp.com request_id=d551e12c-1540-4e2f-ba76-b82a88c6aa31 fwd="186.155.19.156" dyno=web.1 connect=1ms service=33ms status=200 bytes=748 protocol=https 
941108586099658768	2018-06-06T19:56:34	2018-06-06T19:56:34Z	1058480271	api-ciudades-seguras-pdn	54.221.158.91	Local3	Info	heroku/router	at=info method=GET path="/api/v1/riskObjects" host=api-ciudades-seguras-pdn.herokuapp.com request_id=832f5ab3-1986-477b-97d9-710dbbd21703 fwd="201.184.157.250" dyno=web.1 connect=2ms service=54ms status=200 bytes=1232 protocol=https 
941109079932813342	2018-06-06T19:58:31	2018-06-06T19:58:32Z	1058480271	api-ciudades-seguras-pdn	54.145.81.203	Local3	Info	heroku/router	at=info method=OPTIONS path="/api/v1/events" host=api-ciudades-seguras-pdn.herokuapp.com request_id=e23e08db-a3fa-4339-99cb-7852c28deb03 fwd="190.24.58.214" dyno=web.1 connect=1ms service=12ms status=200 bytes=321 protocol=https 
941109081891553305	2018-06-06T19:58:32	2018-06-06T19:58:32Z	1058480271	api-ciudades-seguras-pdn	54.205.116.109	Local3	Info	heroku/router	at=info method=POST path="/api/v1/events" host=api-ciudades-seguras-pdn.herokuapp.com request_id=7dd64702-4ec6-4b95-b8be-1ab31a9d652b fwd="190.24.58.214" dyno=web.1 connect=1ms service=126ms status=200 bytes=704 protocol=https 
941109083443449877	2018-06-06T19:58:32	2018-06-06T19:58:32Z	1058480271	api-ciudades-seguras-pdn	107.22.7.2	Local3	Info	heroku/router	at=info method=GET path="/api/v1/events/682" host=api-ciudades-seguras-pdn.herokuapp.com request_id=b7ccb466-fc7a-49b6-8714-3c3524bcb2a4 fwd="190.24.58.214" dyno=web.1 connect=1ms service=133ms status=200 bytes=703 protocol=https 
941109783778971668	2018-06-06T20:01:19	2018-06-06T20:01:19Z	1058480271	api-ciudades-seguras-pdn	54.161.14.55	Local3	Info	heroku/router	at=info method=OPTIONS path="/api/v1/events" host=api-ciudades-seguras-pdn.herokuapp.com request_id=008bcb88-55a7-4917-a0e6-328c481b0cc4 fwd="201.184.157.250" dyno=web.1 connect=1ms service=18ms status=200 bytes=321 protocol=https 
941109784018046989	2018-06-06T20:01:19	2018-06-06T20:01:20Z	1058480271	api-ciudades-seguras-pdn	54.159.226.23	Local3	Info	heroku/router	at=info method=POST path="/api/v1/events" host=api-ciudades-seguras-pdn.herokuapp.com request_id=0a7162b0-dd37-4111-a800-8d0f088dd392 fwd="201.184.157.250" dyno=web.1 connect=1ms service=52ms status=200 bytes=784 protocol=https 
941109785397968932	2018-06-06T20:01:19	2018-06-06T20:01:20Z	1058480271	api-ciudades-seguras-pdn	54.163.41.170	Local3	Info	heroku/router	at=info method=GET path="/api/v1/events/683" host=api-ciudades-seguras-pdn.herokuapp.com request_id=b6679116-921c-4a97-a9bb-89c1c4fe2437 fwd="201.184.157.250" dyno=web.1 connect=1ms service=25ms status=200 bytes=784 protocol=https 
941111288615546894	2018-06-06T20:07:18	2018-06-06T20:07:18Z	1058480271	api-ciudades-seguras-pdn	54.224.20.91	Local3	Info	heroku/router	at=info method=GET path="/api/v1/events/risk-objects" host=api-ciudades-seguras-pdn.herokuapp.com request_id=b471d2fa-8e36-4ff5-9d81-ba5b616e99ea fwd="200.116.23.167" dyno=web.1 connect=1ms service=68ms status=200 bytes=748 protocol=https 
941113990183530534	2018-06-06T20:18:02	2018-06-06T20:18:02Z	1058480271	api-ciudades-seguras-pdn	54.166.106.103	Local3	Info	heroku/router	at=info method=GET path="/api/v1/events/risk-objects" host=api-ciudades-seguras-pdn.herokuapp.com request_id=9987d24d-5289-487a-8f4f-fc2534183eef fwd="190.254.25.126" dyno=web.1 connect=0ms service=143ms status=200 bytes=748 protocol=https 
941117513889624085	2018-06-06T20:32:02	2018-06-06T20:32:02Z	1058480271	api-ciudades-seguras-pdn	54.162.167.81	Local3	Info	heroku/router	at=info method=GET path="/api/v1/events/risk-objects" host=api-ciudades-seguras-pdn.herokuapp.com request_id=4510e2fa-58be-49d7-8b87-ca7f7ebe320d fwd="191.102.222.139" dyno=web.1 connect=1ms service=114ms status=200 bytes=748 protocol=https 
941119504141402149	2018-06-06T20:39:57	2018-06-06T20:39:57Z	1058480271	api-ciudades-seguras-pdn	107.22.7.2	Local3	Info	heroku/router	at=info method=GET path="/api/v1/events/risk-objects" host=api-ciudades-seguras-pdn.herokuapp.com request_id=9f104fb1-c2fc-454e-81eb-1efbdaae00ee fwd="190.253.6.240" dyno=web.1 connect=0ms service=36ms status=200 bytes=748 protocol=https 
941120332378030087	2018-06-06T20:43:08	2018-06-06T20:43:14Z	1058480271	api-ciudades-seguras-pdn	54.157.213.241	Local3	Info	heroku/router	at=info method=GET path="/api/v1/riskObjects" host=api-ciudades-seguras-pdn.herokuapp.com request_id=7093740c-7354-48b1-b936-d21698895d6a fwd="200.122.216.26" dyno=web.1 connect=2ms service=20ms status=200 bytes=1232 protocol=https 
941120342473707567	2018-06-06T20:43:06	2018-06-06T20:43:17Z	1058480271	api-ciudades-seguras-pdn	54.211.106.126	Local3	Info	heroku/router	at=info method=GET path="/api/v1/events/risk-objects" host=api-ciudades-seguras-pdn.herokuapp.com request_id=820c65d5-3ad9-4c3d-9eb0-6b0862160e57 fwd="200.122.216.26" dyno=web.1 connect=0ms service=29ms status=200 bytes=748 protocol=https 
941121464261300245	2018-06-06T20:47:44	2018-06-06T20:47:44Z	1058480271	api-ciudades-seguras-pdn	54.162.161.144	Local3	Info	heroku/router	at=info method=GET path="/api/v1/events/risk-objects" host=api-ciudades-seguras-pdn.herokuapp.com request_id=0e95106c-086f-4f9e-88bd-0bae21640b87 fwd="66.249.92.134" dyno=web.1 connect=1ms service=63ms status=200 bytes=748 protocol=https 
941121729265807362	2018-06-06T20:48:47	2018-06-06T20:48:47Z	1058480271	api-ciudades-seguras-pdn	54.80.56.89	Local3	Info	heroku/router	at=info method=GET path="/api/v1/events/risk-objects" host=api-ciudades-seguras-pdn.herokuapp.com request_id=c64e9945-7ca8-4b08-ab0b-901effda9909 fwd="191.102.66.58" dyno=web.1 connect=0ms service=58ms status=200 bytes=748 protocol=https 
941122243554586638	2018-06-06T20:50:50	2018-06-06T20:50:50Z	1058480271	api-ciudades-seguras-pdn	54.161.253.222	Local3	Info	heroku/router	at=info method=GET path="/api/v1/events/risk-objects" host=api-ciudades-seguras-pdn.herokuapp.com request_id=d2730bd5-7e7c-4c85-8fdc-5c1ad718f0da fwd="190.240.249.254" dyno=web.1 connect=0ms service=73ms status=200 bytes=748 protocol=https 
941122547868119047	2018-06-06T20:52:02	2018-06-06T20:52:03Z	1058480271	api-ciudades-seguras-pdn	54.80.56.89	Local3	Info	heroku/router	at=info method=GET path="/api/v1/events/risk-objects" host=api-ciudades-seguras-pdn.herokuapp.com request_id=26b4a7d5-0b3d-4e6b-9612-27246f5e5ef5 fwd="190.240.249.254" dyno=web.1 connect=1ms service=33ms status=200 bytes=748 protocol=https 
941122548832813072	2018-06-06T20:52:02	2018-06-06T20:52:03Z	1058480271	api-ciudades-seguras-pdn	54.226.155.183	Local3	Info	heroku/router	at=info method=GET path="/api/v1/riskObjects" host=api-ciudades-seguras-pdn.herokuapp.com request_id=5729f9a8-ad5d-41f4-871c-cb70ad7775dc fwd="190.240.249.254" dyno=web.1 connect=0ms service=21ms status=200 bytes=1232 protocol=https 
941122548979613716	2018-06-06T20:52:03	2018-06-06T20:52:03Z	1058480271	api-ciudades-seguras-pdn	54.226.251.135	Local3	Info	heroku/router	at=info method=OPTIONS path="/api/v1/events_query" host=api-ciudades-seguras-pdn.herokuapp.com request_id=122e6086-9cc0-421c-8c1e-0775a9d505cb fwd="190.240.249.254" dyno=web.1 connect=0ms service=7ms status=200 bytes=321 protocol=https 
941122573713420333	2018-06-06T20:52:08	2018-06-06T20:52:09Z	1058480271	api-ciudades-seguras-pdn	54.235.15.142	Local3	Info	heroku/router	at=info method=POST path="/api/v1/events_query" host=api-ciudades-seguras-pdn.herokuapp.com request_id=cb78ecc9-4fdf-4721-a7f2-c8dd56430eec fwd="190.240.249.254" dyno=web.1 connect=0ms service=39ms status=200 bytes=2382 protocol=https 
941122576523612160	2018-06-06T20:52:03	2018-06-06T20:52:09Z	1058480271	api-ciudades-seguras-pdn	54.87.87.248	Local3	Info	heroku/router	at=info method=POST path="/api/v1/events_query" host=api-ciudades-seguras-pdn.herokuapp.com request_id=4c09d47e-df64-4af0-b894-ef525379e0ce fwd="190.240.249.254" dyno=web.1 connect=0ms service=291ms status=200 bytes=350100 protocol=https 
941122590813605897	2018-06-06T20:52:13	2018-06-06T20:52:13Z	1058480271	api-ciudades-seguras-pdn	54.221.172.10	Local3	Info	heroku/router	at=info method=POST path="/api/v1/events_query" host=api-ciudades-seguras-pdn.herokuapp.com request_id=75d30bf2-1f0e-4974-aa07-5b51f7cd833d fwd="190.240.249.254" dyno=web.1 connect=0ms service=213ms status=200 bytes=350100 protocol=https 
941123113046392846	2018-06-06T20:54:17	2018-06-06T20:54:17Z	1058480271	api-ciudades-seguras-pdn	54.242.124.150	Local3	Info	heroku/router	at=info method=POST path="/api/v1/events_query" host=api-ciudades-seguras-pdn.herokuapp.com request_id=4152907f-e0d0-41d5-b51e-40b0f704ccad fwd="190.240.249.254" dyno=web.1 connect=0ms service=164ms status=200 bytes=67387 protocol=https 
941123332609818661	2018-06-06T20:55:09	2018-06-06T20:55:10Z	1058480271	api-ciudades-seguras-pdn	54.162.161.144	Local3	Info	heroku/router	at=info method=POST path="/api/v1/events_query" host=api-ciudades-seguras-pdn.herokuapp.com request_id=570d6af2-113d-4d02-b29e-1aae4098b5f4 fwd="190.240.249.254" dyno=web.1 connect=1ms service=356ms status=200 bytes=350100 protocol=https 
941123405678788616	2018-06-06T20:55:27	2018-06-06T20:55:27Z	1058480271	api-ciudades-seguras-pdn	54.163.41.170	Local3	Info	heroku/router	at=info method=GET path="/api/v1/events/risk-objects" host=api-ciudades-seguras-pdn.herokuapp.com request_id=47cd497b-eb3e-4cc0-9e18-7e58d14c8cae fwd="190.240.249.254" dyno=web.1 connect=0ms service=42ms status=200 bytes=748 protocol=https 
941123410716147735	2018-06-06T20:55:28	2018-06-06T20:55:28Z	1058480271	api-ciudades-seguras-pdn	54.90.222.183	Local3	Info	heroku/router	at=info method=GET path="/api/v1/riskObjects" host=api-ciudades-seguras-pdn.herokuapp.com request_id=a063ae70-aaea-4e88-8a46-e6366c7c328b fwd="190.240.249.254" dyno=web.1 connect=0ms service=29ms status=200 bytes=1232 protocol=https 
941123428957179906	2018-06-06T20:55:32	2018-06-06T20:55:33Z	1058480271	api-ciudades-seguras-pdn	54.80.219.142	Local3	Info	heroku/router	at=info method=GET path="/api/v1/events/risk-objects" host=api-ciudades-seguras-pdn.herokuapp.com request_id=0abb7cb6-0794-4396-a09b-48513a30f23a fwd="190.240.249.254" dyno=web.1 connect=0ms service=34ms status=200 bytes=748 protocol=https 
941123429036867596	2018-06-06T20:55:32	2018-06-06T20:55:33Z	1058480271	api-ciudades-seguras-pdn	54.145.81.203	Local3	Info	heroku/router	at=info method=POST path="/api/v1/events_query" host=api-ciudades-seguras-pdn.herokuapp.com request_id=731feca8-11b0-4e7f-bc59-0ec2725b8f78 fwd="190.240.249.254" dyno=web.1 connect=1ms service=246ms status=200 bytes=350100 protocol=https 
941123433935802510	2018-06-06T20:55:32	2018-06-06T20:55:34Z	1058480271	api-ciudades-seguras-pdn	54.167.136.171	Local3	Info	heroku/router	at=info method=GET path="/api/v1/riskObjects" host=api-ciudades-seguras-pdn.herokuapp.com request_id=6fc8972a-0511-4762-8d08-a78b4e24e8fc fwd="190.240.249.254" dyno=web.1 connect=0ms service=13ms status=200 bytes=1232 protocol=https 
941123497001369602	2018-06-06T20:55:49	2018-06-06T20:55:49Z	1058480271	api-ciudades-seguras-pdn	54.163.41.170	Local3	Info	heroku/router	at=info method=GET path="/api/v1/events/risk-objects" host=api-ciudades-seguras-pdn.herokuapp.com request_id=7012764b-389c-4760-b9b7-2910ef100bc9 fwd="200.116.51.172" dyno=web.1 connect=0ms service=30ms status=200 bytes=748 protocol=https 
941123655546060802	2018-06-06T20:56:26	2018-06-06T20:56:27Z	1058480271	api-ciudades-seguras-pdn	54.235.15.142	Local3	Info	heroku/router	at=info method=GET path="/api/v1/riskObjects" host=api-ciudades-seguras-pdn.herokuapp.com request_id=284f1b2a-f26b-4566-af8b-c49124c9523e fwd="200.116.51.172" dyno=web.1 connect=0ms service=40ms status=200 bytes=1232 protocol=https 
941123656305229862	2018-06-06T20:56:26	2018-06-06T20:56:27Z	1058480271	api-ciudades-seguras-pdn	54.82.21.53	Local3	Info	heroku/router	at=info method=GET path="/api/v1/events/risk-objects" host=api-ciudades-seguras-pdn.herokuapp.com request_id=b79b3abd-42c8-4d20-ad51-d156a0c2da77 fwd="200.116.51.172" dyno=web.1 connect=0ms service=45ms status=200 bytes=748 protocol=https 
941123656607215647	2018-06-06T20:56:27	2018-06-06T20:56:27Z	1058480271	api-ciudades-seguras-pdn	54.221.156.10	Local3	Info	heroku/router	at=info method=OPTIONS path="/api/v1/events_query" host=api-ciudades-seguras-pdn.herokuapp.com request_id=633f4194-93ff-46ef-bcb4-326694b33a9d fwd="200.116.51.172" dyno=web.1 connect=0ms service=25ms status=200 bytes=321 protocol=https 
941123658456907801	2018-06-06T20:56:27	2018-06-06T20:56:27Z	1058480271	api-ciudades-seguras-pdn	54.166.61.104	Local3	Info	heroku/router	at=info method=POST path="/api/v1/events_query" host=api-ciudades-seguras-pdn.herokuapp.com request_id=19c57f5e-40e1-4973-8cb3-504141d776ae fwd="200.116.51.172" dyno=web.1 connect=0ms service=200ms status=200 bytes=208121 protocol=https 
941123679759773720	2018-06-06T20:56:32	2018-06-06T20:56:33Z	1058480271	api-ciudades-seguras-pdn	54.157.213.241	Local3	Info	heroku/router	at=info method=GET path="/api/v1/events/risk-objects" host=api-ciudades-seguras-pdn.herokuapp.com request_id=70620e71-5d3c-45e3-a351-ac46cadd52db fwd="190.9.212.240" dyno=web.1 connect=1ms service=77ms status=200 bytes=748 protocol=https 
941123743097958415	2018-06-06T20:56:47	2018-06-06T20:56:48Z	1058480271	api-ciudades-seguras-pdn	50.19.191.55	Local3	Info	heroku/router	at=info method=GET path="/api/v1/riskObjects" host=api-ciudades-seguras-pdn.herokuapp.com request_id=6c9e1e8a-0c43-4054-9178-db789943e4b4 fwd="190.9.212.240" dyno=web.1 connect=1ms service=27ms status=200 bytes=1232 protocol=https 
941124858543751217	2018-06-06T21:01:13	2018-06-06T21:01:14Z	1058480271	api-ciudades-seguras-pdn	50.17.80.51	Local3	Info	heroku/router	at=info method=GET path="/api/v1/events/risk-objects" host=api-ciudades-seguras-pdn.herokuapp.com request_id=7ad01d89-46ff-46c9-bf58-9766a9330862 fwd="181.49.33.147" dyno=web.1 connect=0ms service=23ms status=200 bytes=748 protocol=https 
941125352574046214	2018-06-06T21:03:11	2018-06-06T21:03:11Z	1058480271	api-ciudades-seguras-pdn	54.234.42.133	Local3	Info	heroku/router	at=info method=GET path="/api/v1/events/risk-objects" host=api-ciudades-seguras-pdn.herokuapp.com request_id=2de4bd6e-b5c7-46b4-92f4-775a028b6c4b fwd="186.86.24.254" dyno=web.1 connect=1ms service=13ms status=200 bytes=748 protocol=https 
941125571361517605	2018-06-06T21:04:03	2018-06-06T21:04:03Z	1058480271	api-ciudades-seguras-pdn	54.224.142.117	Local3	Info	heroku/router	at=info method=OPTIONS path="/api/v1/events" host=api-ciudades-seguras-pdn.herokuapp.com request_id=33ff45da-9089-4b87-9811-8ac41b5d935b fwd="190.9.212.240" dyno=web.1 connect=0ms service=3ms status=200 bytes=321 protocol=https 
941125571667701829	2018-06-06T21:04:03	2018-06-06T21:04:04Z	1058480271	api-ciudades-seguras-pdn	54.224.142.117	Local3	Info	heroku/router	at=info method=POST path="/api/v1/events" host=api-ciudades-seguras-pdn.herokuapp.com request_id=3fb8746f-b354-4539-ab6f-7e3494b4f28e fwd="190.9.212.240" dyno=web.1 connect=0ms service=16ms status=200 bytes=692 protocol=https 
941125573353816142	2018-06-06T21:04:04	2018-06-06T21:04:04Z	1058480271	api-ciudades-seguras-pdn	54.221.158.91	Local3	Info	heroku/router	at=info method=GET path="/api/v1/events/684" host=api-ciudades-seguras-pdn.herokuapp.com request_id=0dcc26b9-e834-47fd-a8af-f47ed326594f fwd="190.9.212.240" dyno=web.1 connect=0ms service=11ms status=200 bytes=692 protocol=https 
941125779646468158	2018-06-06T21:04:53	2018-06-06T21:04:53Z	1058480271	api-ciudades-seguras-pdn	54.234.42.133	Local3	Info	heroku/router	at=info method=GET path="/api/v1/riskObjects" host=api-ciudades-seguras-pdn.herokuapp.com request_id=afb24e1f-5a41-4d15-9c4f-8ae709af7f94 fwd="190.9.212.240" dyno=web.1 connect=0ms service=14ms status=200 bytes=1232 protocol=https 
941125817391005715	2018-06-06T21:05:02	2018-06-06T21:05:02Z	1058480271	api-ciudades-seguras-pdn	184.73.58.4	Local3	Info	heroku/router	at=info method=GET path="/api/v1/events/684" host=api-ciudades-seguras-pdn.herokuapp.com request_id=b351483f-3aed-4c83-963c-cf16cbe65ea7 fwd="190.9.212.240" dyno=web.1 connect=0ms service=10ms status=200 bytes=692 protocol=https 
941126265023909916	2018-06-06T21:06:49	2018-06-06T21:06:49Z	1058480271	api-ciudades-seguras-pdn	54.167.158.243	Local3	Info	heroku/router	at=info method=GET path="/api/v1/events/risk-objects" host=api-ciudades-seguras-pdn.herokuapp.com request_id=9caa4b81-fb79-4f6b-9d73-4f7f801c4a2d fwd="190.9.212.240" dyno=web.1 connect=1ms service=15ms status=200 bytes=748 protocol=https 
941126351367847976	2018-06-06T21:07:09	2018-06-06T21:07:09Z	1058480271	api-ciudades-seguras-pdn	174.129.80.251	Local3	Info	heroku/router	at=info method=GET path="/api/v1/events/risk-objects" host=api-ciudades-seguras-pdn.herokuapp.com request_id=f37fa355-ee7e-4515-b8a2-12f17feec110 fwd="186.96.103.210" dyno=web.1 connect=0ms service=15ms status=200 bytes=748 protocol=https 
941126689898508377	2018-06-06T21:08:15	2018-06-06T21:08:30Z	1058480271	api-ciudades-seguras-pdn	54.162.167.81	Local3	Info	heroku/router	at=info method=GET path="/api/v1/events/risk-objects" host=api-ciudades-seguras-pdn.herokuapp.com request_id=6fb6165e-a6c0-4d92-ad2a-f448c7c57825 fwd="186.155.19.156" dyno=web.1 connect=0ms service=21ms status=200 bytes=748 protocol=https 
941126800812687362	2018-06-06T21:08:56	2018-06-06T21:08:57Z	1058480271	api-ciudades-seguras-pdn	174.129.80.251	Local3	Info	heroku/router	at=info method=POST path="/api/v1/events" host=api-ciudades-seguras-pdn.herokuapp.com request_id=369e89b4-fc18-4862-86cf-24a2b248b656 fwd="200.122.216.26" dyno=web.1 connect=0ms service=18ms status=200 bytes=812 protocol=https 
941126801085317145	2018-06-06T21:08:56	2018-06-06T21:08:57Z	1058480271	api-ciudades-seguras-pdn	54.224.20.91	Local3	Info	heroku/router	at=info method=OPTIONS path="/api/v1/events" host=api-ciudades-seguras-pdn.herokuapp.com request_id=dbc0431a-b985-42db-a38e-70921d691b35 fwd="200.122.216.26" dyno=web.1 connect=1ms service=4ms status=200 bytes=321 protocol=https 
941126802180026403	2018-06-06T21:08:56	2018-06-06T21:08:57Z	1058480271	api-ciudades-seguras-pdn	54.205.117.48	Local3	Info	heroku/router	at=info method=GET path="/api/v1/events/685" host=api-ciudades-seguras-pdn.herokuapp.com request_id=f831ef78-63cd-4cfa-92c2-73a371d036d6 fwd="200.122.216.26" dyno=web.1 connect=0ms service=9ms status=200 bytes=811 protocol=https 
941126935542116354	2018-06-06T21:09:28	2018-06-06T21:09:29Z	1058480271	api-ciudades-seguras-pdn	54.224.24.32	Local3	Info	heroku/router	at=info method=GET path="/api/v1/riskObjects" host=api-ciudades-seguras-pdn.herokuapp.com request_id=3a1ae7c4-eb2e-4108-865d-6a156f094d8e fwd="200.122.216.26" dyno=web.1 connect=1ms service=10ms status=200 bytes=1232 protocol=https 
941126953955115015	2018-06-06T21:09:27	2018-06-06T21:09:33Z	1058480271	api-ciudades-seguras-pdn	107.21.130.73	Local3	Info	heroku/router	at=info method=GET path="/api/v1/events/risk-objects" host=api-ciudades-seguras-pdn.herokuapp.com request_id=166982a6-7acd-4997-87ae-e5f288e66c31 fwd="200.122.216.26" dyno=web.1 connect=1ms service=23ms status=200 bytes=748 protocol=https 
941127446156693529	2018-06-06T21:11:24	2018-06-06T21:11:30Z	1058480271	api-ciudades-seguras-pdn	107.22.7.2	Local3	Info	heroku/router	at=info method=GET path="/api/v1/events/risk-objects" host=api-ciudades-seguras-pdn.herokuapp.com request_id=63965692-d8c5-40c5-ae3c-6f19ef58293f fwd="200.122.216.26" dyno=web.1 connect=1ms service=24ms status=200 bytes=748 protocol=https 
941127554772381699	2018-06-06T21:11:50	2018-06-06T21:11:56Z	1058480271	api-ciudades-seguras-pdn	54.162.161.144	Local3	Info	heroku/router	at=info method=GET path="/api/v1/riskObjects" host=api-ciudades-seguras-pdn.herokuapp.com request_id=3d005b33-0956-40ab-b907-49d624407011 fwd="200.122.216.26" dyno=web.1 connect=1ms service=11ms status=200 bytes=1232 protocol=https 
941127599546576916	2018-06-06T21:12:07	2018-06-06T21:12:07Z	1058480271	api-ciudades-seguras-pdn	50.17.80.51	Local3	Info	heroku/router	at=info method=GET path="/api/v1/events/risk-objects" host=api-ciudades-seguras-pdn.herokuapp.com request_id=9284d8bb-e198-4af7-ac78-08886d99a0a1 fwd="186.183.243.195" dyno=web.1 connect=0ms service=15ms status=200 bytes=748 protocol=https 
941127631712694295	2018-06-06T21:12:14	2018-06-06T21:12:15Z	1058480271	api-ciudades-seguras-pdn	54.205.117.48	Local3	Info	heroku/router	at=info method=GET path="/api/v1/events/risk-objects" host=api-ciudades-seguras-pdn.herokuapp.com request_id=00dfd0df-a93a-4a01-a91e-549b7352c91f fwd="190.28.124.211" dyno=web.1 connect=0ms service=24ms status=200 bytes=748 protocol=https 
941127631947583495	2018-06-06T21:12:14	2018-06-06T21:12:15Z	1058480271	api-ciudades-seguras-pdn	54.163.86.161	Local3	Info	heroku/router	at=info method=GET path="/api/v1/events/risk-objects" host=api-ciudades-seguras-pdn.herokuapp.com request_id=f7911150-a001-476e-afda-0491a3504493 fwd="181.138.84.157" dyno=web.1 connect=0ms service=39ms status=200 bytes=748 protocol=https 
941128238276161584	2018-06-06T21:14:39	2018-06-06T21:14:39Z	1058480271	api-ciudades-seguras-pdn	54.224.101.35	Local3	Info	heroku/router	at=info method=GET path="/api/v1/events/risk-objects" host=api-ciudades-seguras-pdn.herokuapp.com request_id=a448ec87-11aa-40ba-ada2-a0456a539a05 fwd="181.68.6.8" dyno=web.1 connect=0ms service=13ms status=200 bytes=748 protocol=https 
941128268965875834	2018-06-06T21:14:46	2018-06-06T21:14:47Z	1058480271	api-ciudades-seguras-pdn	184.73.43.14	Local3	Info	heroku/router	at=info method=GET path="/api/v1/events/risk-objects" host=api-ciudades-seguras-pdn.herokuapp.com request_id=eae4ddde-c7ec-473e-b5b7-94e5eadf3b83 fwd="186.29.183.73" dyno=web.1 connect=0ms service=12ms status=200 bytes=748 protocol=https 
941128464399482880	2018-06-06T21:15:33	2018-06-06T21:15:33Z	1058480271	api-ciudades-seguras-pdn	54.145.244.21	Local3	Info	heroku/router	at=info method=POST path="/api/v1/events" host=api-ciudades-seguras-pdn.herokuapp.com request_id=486d3f5e-df5a-453d-af2f-796173c47c18 fwd="200.122.216.26" dyno=web.1 connect=0ms service=27ms status=200 bytes=849 protocol=https 
941128467507449951	2018-06-06T21:15:33	2018-06-06T21:15:34Z	1058480271	api-ciudades-seguras-pdn	54.145.111.0	Local3	Info	heroku/router	at=info method=GET path="/api/v1/events/686" host=api-ciudades-seguras-pdn.herokuapp.com request_id=5a6cc02c-3244-4416-8a46-ad1f398bcd03 fwd="200.122.216.26" dyno=web.1 connect=0ms service=32ms status=200 bytes=850 protocol=https 
941128475447267406	2018-06-06T21:15:36	2018-06-06T21:15:36Z	1058480271	api-ciudades-seguras-pdn	54.145.111.0	Local3	Info	heroku/router	at=info method=GET path="/api/v1/riskObjects" host=api-ciudades-seguras-pdn.herokuapp.com request_id=64906857-0eb6-42cb-89dc-19fff8dedd54 fwd="181.49.91.129" dyno=web.1 connect=0ms service=13ms status=200 bytes=1232 protocol=https 
941128475875094629	2018-06-06T21:15:36	2018-06-06T21:15:36Z	1058480271	api-ciudades-seguras-pdn	54.82.69.79	Local3	Info	heroku/router	at=info method=GET path="/api/v1/events/risk-objects" host=api-ciudades-seguras-pdn.herokuapp.com request_id=fc7fa6a0-a68f-46ad-9f7b-585691310abb fwd="181.49.91.129" dyno=web.1 connect=1ms service=20ms status=200 bytes=748 protocol=https 
941128477410218025	2018-06-06T21:15:36	2018-06-06T21:15:36Z	1058480271	api-ciudades-seguras-pdn	54.224.142.117	Local3	Info	heroku/router	at=info method=OPTIONS path="/api/v1/events_query" host=api-ciudades-seguras-pdn.herokuapp.com request_id=d09000f4-8a74-4575-a354-2cb0d7b39100 fwd="181.49.91.129" dyno=web.1 connect=1ms service=4ms status=200 bytes=321 protocol=https 
941128504069206029	2018-06-06T21:15:36	2018-06-06T21:15:43Z	1058480271	api-ciudades-seguras-pdn	54.224.74.33	Local3	Info	heroku/router	at=info method=POST path="/api/v1/events_query" host=api-ciudades-seguras-pdn.herokuapp.com request_id=11461545-82cf-404a-8e1d-ea9856990086 fwd="181.49.91.129" dyno=web.1 connect=1ms service=119ms status=200 bytes=209829 protocol=https 
941128557848580099	2018-06-06T21:15:55	2018-06-06T21:15:56Z	1058480271	api-ciudades-seguras-pdn	54.224.142.117	Local3	Info	heroku/router	at=info method=GET path="/api/v1/riskObjects" host=api-ciudades-seguras-pdn.herokuapp.com request_id=f66316d1-5b0d-45e1-90da-48acf1a95d3f fwd="200.122.216.26" dyno=web.1 connect=0ms service=10ms status=200 bytes=1232 protocol=https 
941128575569514508	2018-06-06T21:15:53	2018-06-06T21:16:00Z	1058480271	api-ciudades-seguras-pdn	54.80.144.28	Local3	Info	heroku/router	at=info method=GET path="/api/v1/events/risk-objects" host=api-ciudades-seguras-pdn.herokuapp.com request_id=2f419fab-64b3-4ba3-9e86-836b9e76f31d fwd="200.122.216.26" dyno=web.1 connect=0ms service=17ms status=200 bytes=748 protocol=https 
941128796282175499	2018-06-06T21:16:52	2018-06-06T21:16:52Z	1058480271	api-ciudades-seguras-pdn	54.166.106.103	Local3	Info	heroku/router	at=info method=GET path="/api/v1/events/risk-objects" host=api-ciudades-seguras-pdn.herokuapp.com request_id=93c43d91-eed1-458e-b76a-c534859ba9ac fwd="200.122.216.26" dyno=web.1 connect=0ms service=13ms status=200 bytes=748 protocol=https 
941128802812706830	2018-06-06T21:16:54	2018-06-06T21:16:54Z	1058480271	api-ciudades-seguras-pdn	54.145.244.21	Local3	Info	heroku/router	at=info method=GET path="/api/v1/riskObjects" host=api-ciudades-seguras-pdn.herokuapp.com request_id=423f1e22-0fb4-4c81-b850-f7e9b48c7560 fwd="200.122.216.26" dyno=web.1 connect=0ms service=9ms status=200 bytes=1232 protocol=https 
941129043444117508	2018-06-06T21:17:51	2018-06-06T21:17:51Z	1058480271	api-ciudades-seguras-pdn	54.161.252.36	Local3	Info	heroku/router	at=info method=GET path="/api/v1/events/risk-objects" host=api-ciudades-seguras-pdn.herokuapp.com request_id=5cf0494a-4378-4f38-985b-f20ae27cea1c fwd="181.68.6.8" dyno=web.1 connect=0ms service=14ms status=200 bytes=748 protocol=https 
941129327033597995	2018-06-06T21:18:59	2018-06-06T21:18:59Z	1058480271	api-ciudades-seguras-pdn	54.166.106.103	Local3	Info	heroku/router	at=info method=GET path="/api/v1/events/risk-objects" host=api-ciudades-seguras-pdn.herokuapp.com request_id=33f69bb1-874e-4788-bd8a-60ea1b7883c0 fwd="181.49.86.216" dyno=web.1 connect=0ms service=16ms status=200 bytes=748 protocol=https 
941129461851107329	2018-06-06T21:19:31	2018-06-06T21:19:31Z	1058480271	api-ciudades-seguras-pdn	54.80.66.73	Local3	Info	heroku/router	at=info method=OPTIONS path="/api/v1/events" host=api-ciudades-seguras-pdn.herokuapp.com request_id=8c2c616b-1cd3-40f6-b6aa-63aa5961b02f fwd="200.122.216.26" dyno=web.1 connect=1ms service=4ms status=200 bytes=321 protocol=https 
941129462807408719	2018-06-06T21:19:31	2018-06-06T21:19:31Z	1058480271	api-ciudades-seguras-pdn	54.166.61.104	Local3	Info	heroku/router	at=info method=GET path="/api/v1/events/687" host=api-ciudades-seguras-pdn.herokuapp.com request_id=37861e47-3a0a-4725-a9f8-59a8304b3401 fwd="200.122.216.26" dyno=web.1 connect=1ms service=12ms status=200 bytes=795 protocol=https 
941129468687814725	2018-06-06T21:19:31	2018-06-06T21:19:33Z	1058480271	api-ciudades-seguras-pdn	54.159.210.58	Local3	Info	heroku/router	at=info method=POST path="/api/v1/events" host=api-ciudades-seguras-pdn.herokuapp.com request_id=a83dda53-d2d7-4c1d-b600-30e7e850cbff fwd="200.122.216.26" dyno=web.1 connect=1ms service=13ms status=200 bytes=792 protocol=https 
941129662477254663	2018-06-06T21:20:19	2018-06-06T21:20:19Z	1058480271	api-ciudades-seguras-pdn	54.90.222.183	Local3	Info	heroku/router	at=info method=GET path="/api/v1/riskObjects" host=api-ciudades-seguras-pdn.herokuapp.com request_id=0c58a65c-712f-4d3b-8402-33cbbf5f23e8 fwd="200.122.216.26" dyno=web.1 connect=1ms service=13ms status=200 bytes=1232 protocol=https 
941129678541434918	2018-06-06T21:20:16	2018-06-06T21:20:23Z	1058480271	api-ciudades-seguras-pdn	54.221.156.10	Local3	Info	heroku/router	at=info method=GET path="/api/v1/events/risk-objects" host=api-ciudades-seguras-pdn.herokuapp.com request_id=cd222631-bb4f-4846-a6ab-a3794286d701 fwd="200.122.216.26" dyno=web.1 connect=1ms service=29ms status=200 bytes=748 protocol=https 
941129941440417795	2018-06-06T21:21:25	2018-06-06T21:21:25Z	1058480271	api-ciudades-seguras-pdn	54.234.42.133	Local3	Info	heroku/router	at=info method=GET path="/api/v1/riskObjects" host=api-ciudades-seguras-pdn.herokuapp.com request_id=1cc89bc9-ad31-41e8-bb17-369c9e9f1456 fwd="200.122.216.26" dyno=web.1 connect=1ms service=20ms status=200 bytes=1232 protocol=https 
941129960096681992	2018-06-06T21:21:23	2018-06-06T21:21:30Z	1058480271	api-ciudades-seguras-pdn	184.73.58.4	Local3	Info	heroku/router	at=info method=GET path="/api/v1/events/risk-objects" host=api-ciudades-seguras-pdn.herokuapp.com request_id=c62023e5-4b65-4118-ba6a-cfba1fd7de67 fwd="200.122.216.26" dyno=web.1 connect=0ms service=43ms status=200 bytes=748 protocol=https 
941130356114472974	2018-06-06T21:23:04	2018-06-06T21:23:04Z	1058480271	api-ciudades-seguras-pdn	54.197.95.76	Local3	Info	heroku/router	at=info method=GET path="/api/v1/events/risk-objects" host=api-ciudades-seguras-pdn.herokuapp.com request_id=76f0d412-5700-450d-a978-d124b29a21d5 fwd="181.60.195.190" dyno=web.1 connect=1ms service=15ms status=200 bytes=748 protocol=https 
941130419825950764	2018-06-06T21:23:19	2018-06-06T21:23:19Z	1058480271	api-ciudades-seguras-pdn	54.205.117.48	Local3	Info	heroku/router	at=info method=GET path="/api/v1/events/risk-objects" host=api-ciudades-seguras-pdn.herokuapp.com request_id=3c241e2a-d5c1-4c84-9107-fc12a4b4b873 fwd="181.60.201.63" dyno=web.1 connect=0ms service=14ms status=200 bytes=748 protocol=https 
941130437433634846	2018-06-06T21:23:23	2018-06-06T21:23:24Z	1058480271	api-ciudades-seguras-pdn	54.80.144.28	Local3	Info	heroku/router	at=info method=GET path="/api/v1/riskObjects" host=api-ciudades-seguras-pdn.herokuapp.com request_id=4ecae532-1de3-4613-b9b6-05cd9d73a073 fwd="181.60.201.63" dyno=web.1 connect=0ms service=8ms status=200 bytes=1232 protocol=https 
941130441678270481	2018-06-06T21:23:18	2018-06-06T21:23:25Z	1058480271	api-ciudades-seguras-pdn	54.242.124.150	Local3	Info	heroku/router	at=info method=GET path="/api/v1/events/risk-objects" host=api-ciudades-seguras-pdn.herokuapp.com request_id=65d21e12-088c-495f-9315-1a9c9cb648c1 fwd="186.112.246.231" dyno=web.1 connect=0ms service=12ms status=200 bytes=748 protocol=https 
941130609999888430	2018-06-06T21:24:05	2018-06-06T21:24:05Z	1058480271	api-ciudades-seguras-pdn	54.197.95.76	Local3	Info	heroku/router	at=info method=GET path="/api/v1/events/risk-objects" host=api-ciudades-seguras-pdn.herokuapp.com request_id=07af1262-2aa6-4e03-b210-b4a3c0c96d4f fwd="181.60.195.190" dyno=web.1 connect=1ms service=23ms status=200 bytes=748 protocol=https 
941130610775834677	2018-06-06T21:24:05	2018-06-06T21:24:05Z	1058480271	api-ciudades-seguras-pdn	54.161.14.55	Local3	Info	heroku/router	at=info method=GET path="/api/v1/riskObjects" host=api-ciudades-seguras-pdn.herokuapp.com request_id=c22bbd0e-99e3-4a1f-a73d-85b66c72e1f9 fwd="181.60.195.190" dyno=web.1 connect=0ms service=18ms status=200 bytes=1232 protocol=https 
941130612403228679	2018-06-06T21:24:05	2018-06-06T21:24:05Z	1058480271	api-ciudades-seguras-pdn	54.160.148.196	Local3	Info	heroku/router	at=info method=OPTIONS path="/api/v1/events_query" host=api-ciudades-seguras-pdn.herokuapp.com request_id=36145412-33a5-46a3-8423-672ba84f7014 fwd="181.60.195.190" dyno=web.1 connect=1ms service=5ms status=200 bytes=321 protocol=https 
941130640274370632	2018-06-06T21:24:06	2018-06-06T21:24:12Z	1058480271	api-ciudades-seguras-pdn	54.211.106.126	Local3	Info	heroku/router	at=info method=POST path="/api/v1/events_query" host=api-ciudades-seguras-pdn.herokuapp.com request_id=4661c443-3c6b-4856-8ce8-ba8996c3537c fwd="181.60.195.190" dyno=web.1 connect=0ms service=132ms status=200 bytes=352388 protocol=https 
941130729654980637	2018-06-06T21:24:30	2018-06-06T21:24:33Z	1058480271	api-ciudades-seguras-pdn	54.80.6.191	Local3	Info	heroku/router	at=info method=POST path="/api/v1/events_query" host=api-ciudades-seguras-pdn.herokuapp.com request_id=70059dfe-88bd-4d4f-9de6-84729db706ef fwd="181.60.195.190" dyno=web.1 connect=1ms service=22ms status=200 bytes=17907 protocol=https 
941130747686305821	2018-06-06T21:24:37	2018-06-06T21:24:38Z	1058480271	api-ciudades-seguras-pdn	54.197.95.76	Local3	Info	heroku/router	at=info method=POST path="/api/v1/events_query" host=api-ciudades-seguras-pdn.herokuapp.com request_id=e4a14de0-f617-42d2-a0f9-3e69946c51eb fwd="181.60.195.190" dyno=web.1 connect=0ms service=84ms status=200 bytes=228070 protocol=https 
941130769756737539	2018-06-06T21:24:42	2018-06-06T21:24:43Z	1058480271	api-ciudades-seguras-pdn	54.242.77.203	Local3	Info	heroku/router	at=info method=POST path="/api/v1/events_query" host=api-ciudades-seguras-pdn.herokuapp.com request_id=d8fb6c18-b283-4b6c-b0e3-fed157a54eca fwd="181.60.195.190" dyno=web.1 connect=0ms service=107ms status=200 bytes=210409 protocol=https 
941130781731475473	2018-06-06T21:24:45	2018-06-06T21:24:46Z	1058480271	api-ciudades-seguras-pdn	54.158.22.215	Local3	Info	heroku/router	at=info method=GET path="/api/v1/events/risk-objects" host=api-ciudades-seguras-pdn.herokuapp.com request_id=e46293c9-6f98-4a58-ab03-d0dd77d821ba fwd="200.122.216.26" dyno=web.1 connect=1ms service=16ms status=200 bytes=748 protocol=https 
941130887687979026	2018-06-06T21:25:11	2018-06-06T21:25:11Z	1058480271	api-ciudades-seguras-pdn	54.162.79.59	Local3	Info	heroku/router	at=info method=POST path="/api/v1/events_query" host=api-ciudades-seguras-pdn.herokuapp.com request_id=f1324042-6221-4902-9387-a30b312f6795 fwd="181.60.195.190" dyno=web.1 connect=3ms service=106ms status=200 bytes=277550 protocol=https 
941130888510058529	2018-06-06T21:25:11	2018-06-06T21:25:11Z	1058480271	api-ciudades-seguras-pdn	54.226.118.60	Local3	Info	heroku/router	at=info method=POST path="/api/v1/events_query" host=api-ciudades-seguras-pdn.herokuapp.com request_id=263bba6d-1c58-4fa0-b109-d13c88c04696 fwd="181.60.195.190" dyno=web.1 connect=1ms service=131ms status=200 bytes=332590 protocol=https 
941130890099699718	2018-06-06T21:25:11	2018-06-06T21:25:12Z	1058480271	api-ciudades-seguras-pdn	54.91.126.170	Local3	Info	heroku/router	at=info method=POST path="/api/v1/events_query" host=api-ciudades-seguras-pdn.herokuapp.com request_id=75f1299b-c6db-4201-930c-cd22cbc5dbc1 fwd="181.60.195.190" dyno=web.1 connect=0ms service=134ms status=200 bytes=334727 protocol=https 
941130921229832200	2018-06-06T21:25:13	2018-06-06T21:25:19Z	1058480271	api-ciudades-seguras-pdn	54.92.176.105	Local3	Info	heroku/router	at=info method=POST path="/api/v1/events_query" host=api-ciudades-seguras-pdn.herokuapp.com request_id=89db4224-c9d6-4e36-b046-ebbb64863ca3 fwd="181.60.195.190" dyno=web.1 connect=0ms service=129ms status=200 bytes=352388 protocol=https 
941131251501912090	2018-06-06T21:26:37	2018-06-06T21:26:38Z	1058480271	api-ciudades-seguras-pdn	54.159.226.23	Local3	Info	heroku/router	at=info method=POST path="/api/v1/events" host=api-ciudades-seguras-pdn.herokuapp.com request_id=86827053-65df-4753-9c7c-ea73d3264686 fwd="181.60.201.63" dyno=web.1 connect=0ms service=12ms status=200 bytes=729 protocol=https 
941131251589992461	2018-06-06T21:26:37	2018-06-06T21:26:38Z	1058480271	api-ciudades-seguras-pdn	54.242.240.66	Local3	Info	heroku/router	at=info method=OPTIONS path="/api/v1/events" host=api-ciudades-seguras-pdn.herokuapp.com request_id=b994f2fb-0c18-48a3-9c43-2028d3d6cb46 fwd="181.60.201.63" dyno=web.1 connect=0ms service=3ms status=200 bytes=321 protocol=https 
941131252835700741	2018-06-06T21:26:38	2018-06-06T21:26:38Z	1058480271	api-ciudades-seguras-pdn	54.235.15.142	Local3	Info	heroku/router	at=info method=GET path="/api/v1/events/688" host=api-ciudades-seguras-pdn.herokuapp.com request_id=573855d8-6cb6-481f-a09e-b8078f8d9255 fwd="181.60.201.63" dyno=web.1 connect=3ms service=9ms status=200 bytes=729 protocol=https 
941131301284102150	2018-06-06T21:26:49	2018-06-06T21:26:50Z	1058480271	api-ciudades-seguras-pdn	54.224.74.33	Local3	Info	heroku/router	at=info method=GET path="/api/v1/events/risk-objects" host=api-ciudades-seguras-pdn.herokuapp.com request_id=40910959-a623-4092-b805-80872febe707 fwd="181.60.201.63" dyno=web.1 connect=0ms service=12ms status=200 bytes=748 protocol=https 
941131324629598210	2018-06-06T21:26:49	2018-06-06T21:26:55Z	1058480271	api-ciudades-seguras-pdn	54.80.166.131	Local3	Info	heroku/router	at=info method=GET path="/api/v1/riskObjects" host=api-ciudades-seguras-pdn.herokuapp.com request_id=c146fd3c-dd0e-4644-a5e2-868a2dbc62da fwd="181.60.201.63" dyno=web.1 connect=0ms service=8ms status=200 bytes=1232 protocol=https 
941131349883498496	2018-06-06T21:27:01	2018-06-06T21:27:01Z	1058480271	api-ciudades-seguras-pdn	50.19.191.55	Local3	Info	heroku/router	at=info method=GET path="/api/v1/events/risk-objects" host=api-ciudades-seguras-pdn.herokuapp.com request_id=57fa99bd-dd8e-4d01-9baa-5c6d279a135d fwd="190.9.199.213" dyno=web.1 connect=0ms service=13ms status=200 bytes=748 protocol=https 
941131938851864607	2018-06-06T21:29:21	2018-06-06T21:29:22Z	1058480271	api-ciudades-seguras-pdn	54.90.222.183	Local3	Info	heroku/router	at=info method=GET path="/api/v1/events/risk-objects" host=api-ciudades-seguras-pdn.herokuapp.com request_id=19005cba-2edc-4be3-a2ae-2a4df5cf813f fwd="186.147.37.70" dyno=web.1 connect=1ms service=18ms status=200 bytes=748 protocol=https 
941132245069615118	2018-06-06T21:30:34	2018-06-06T21:30:35Z	1058480271	api-ciudades-seguras-pdn	54.167.158.243	Local3	Info	heroku/router	at=info method=GET path="/api/v1/events/risk-objects" host=api-ciudades-seguras-pdn.herokuapp.com request_id=0cb9dea6-8424-49e7-874f-3abafd33d9a6 fwd="181.58.154.118" dyno=web.1 connect=2ms service=79ms status=200 bytes=748 protocol=https 
941132394890145803	2018-06-06T21:31:10	2018-06-06T21:31:10Z	1058480271	api-ciudades-seguras-pdn	54.225.52.111	Local3	Info	heroku/router	at=info method=GET path="/api/v1/events/risk-objects" host=api-ciudades-seguras-pdn.herokuapp.com request_id=f630d2cf-1fcb-4315-9857-5e9526d64a5c fwd="201.232.140.62" dyno=web.1 connect=1ms service=35ms status=200 bytes=748 protocol=https 
941132562716835857	2018-06-06T21:31:50	2018-06-06T21:31:50Z	1058480271	api-ciudades-seguras-pdn	184.73.117.70	Local3	Info	heroku/router	at=info method=GET path="/api/v1/riskObjects" host=api-ciudades-seguras-pdn.herokuapp.com request_id=41c6a4f8-4508-4feb-be0c-f4ff63fe2a20 fwd="201.232.140.62" dyno=web.1 connect=1ms service=11ms status=200 bytes=1232 protocol=https 
941132563354374152	2018-06-06T21:31:50	2018-06-06T21:31:51Z	1058480271	api-ciudades-seguras-pdn	54.166.106.103	Local3	Info	heroku/router	at=info method=POST path="/api/v1/events_query" host=api-ciudades-seguras-pdn.herokuapp.com request_id=3bc95b28-3b0b-46f1-9174-9c263b810184 fwd="201.232.140.62" dyno=web.1 connect=1ms service=19ms status=200 bytes=17907 protocol=https 
941132588285313047	2018-06-06T21:31:50	2018-06-06T21:31:56Z	1058480271	api-ciudades-seguras-pdn	54.157.213.241	Local3	Info	heroku/router	at=info method=GET path="/api/v1/events/risk-objects" host=api-ciudades-seguras-pdn.herokuapp.com request_id=01dfba66-5a85-4559-81a6-ab9a844f3921 fwd="201.232.140.62" dyno=web.1 connect=1ms service=20ms status=200 bytes=748 protocol=https 
941132591456206863	2018-06-06T21:31:57	2018-06-06T21:31:57Z	1058480271	api-ciudades-seguras-pdn	174.129.100.16	Local3	Info	heroku/router	at=info method=POST path="/api/v1/events_query" host=api-ciudades-seguras-pdn.herokuapp.com request_id=323923c2-afbc-4be3-ba0b-142e90692069 fwd="201.232.140.62" dyno=web.1 connect=1ms service=99ms status=200 bytes=228584 protocol=https 
941132622317891615	2018-06-06T21:31:50	2018-06-06T21:32:05Z	1058480271	api-ciudades-seguras-pdn	54.90.66.83	Local3	Info	heroku/router	at=info method=OPTIONS path="/api/v1/events_query" host=api-ciudades-seguras-pdn.herokuapp.com request_id=88bc121b-d19b-4e05-8c63-ac966ca6730c fwd="201.232.140.62" dyno=web.1 connect=1ms service=9ms status=200 bytes=321 protocol=https 
941133131170861056	2018-06-06T21:34:05	2018-06-06T21:34:06Z	1058480271	api-ciudades-seguras-pdn	54.158.97.185	Local3	Info	heroku/router	at=info method=GET path="/api/v1/events/risk-objects" host=api-ciudades-seguras-pdn.herokuapp.com request_id=ee2af609-a2a5-488d-81d5-440945a1aae5 fwd="191.102.76.2" dyno=web.1 connect=0ms service=14ms status=200 bytes=748 protocol=https 
941133175978610708	2018-06-06T21:34:16	2018-06-06T21:34:17Z	1058480271	api-ciudades-seguras-pdn	54.161.253.222	Local3	Info	heroku/router	at=info method=GET path="/api/v1/riskObjects" host=api-ciudades-seguras-pdn.herokuapp.com request_id=b697baa4-7d0e-4168-b82b-febf7ac3cb01 fwd="191.102.76.2" dyno=web.1 connect=0ms service=8ms status=200 bytes=1232 protocol=https 
941133369986134030	2018-06-06T21:35:02	2018-06-06T21:35:03Z	1058480271	api-ciudades-seguras-pdn	54.167.47.129	Local3	Info	heroku/router	at=info method=GET path="/api/v1/events/risk-objects" host=api-ciudades-seguras-pdn.herokuapp.com request_id=aa263006-dd18-4016-8df5-a6ef1b59c7b4 fwd="186.27.172.125" dyno=web.1 connect=1ms service=13ms status=200 bytes=748 protocol=https 
941133459266093097	2018-06-06T21:35:10	2018-06-06T21:35:24Z	1058480271	api-ciudades-seguras-pdn	54.196.175.79	Local3	Info	heroku/router	at=info method=GET path="/api/v1/riskObjects" host=api-ciudades-seguras-pdn.herokuapp.com request_id=876dc7f5-2c00-45a3-bee8-d1447d12554d fwd="186.27.172.125" dyno=web.1 connect=1ms service=11ms status=200 bytes=1232 protocol=https 
941133644369117209	2018-06-06T21:36:08	2018-06-06T21:36:08Z	1058480271	api-ciudades-seguras-pdn	54.90.205.130	Local3	Info	heroku/router	at=info method=GET path="/api/v1/events/risk-objects" host=api-ciudades-seguras-pdn.herokuapp.com request_id=8d17b656-6207-4e05-8f54-e6fa24b155dd fwd="181.49.76.253" dyno=web.1 connect=1ms service=18ms status=200 bytes=748 protocol=https 
941133704586739826	2018-06-06T21:36:22	2018-06-06T21:36:23Z	1058480271	api-ciudades-seguras-pdn	54.82.69.79	Local3	Info	heroku/router	at=info method=GET path="/api/v1/events/risk-objects" host=api-ciudades-seguras-pdn.herokuapp.com request_id=f7234b0f-7828-481d-92c5-110d22e8a9a8 fwd="191.102.76.2" dyno=web.1 connect=1ms service=12ms status=200 bytes=748 protocol=https 
941134103217586215	2018-06-06T21:37:57	2018-06-06T21:37:58Z	1058480271	api-ciudades-seguras-pdn	54.196.238.213	Local3	Info	heroku/router	at=info method=GET path="/api/v1/events/risk-objects" host=api-ciudades-seguras-pdn.herokuapp.com request_id=0a62b5dc-5374-4a4e-90d8-aca49cb0031b fwd="191.102.76.2" dyno=web.1 connect=0ms service=10ms status=200 bytes=748 protocol=https 
941134220792311850	2018-06-06T21:38:25	2018-06-06T21:38:26Z	1058480271	api-ciudades-seguras-pdn	54.235.15.142	Local3	Info	heroku/router	at=info method=POST path="/api/v1/events_query" host=api-ciudades-seguras-pdn.herokuapp.com request_id=ea4af9a9-dc1d-480c-9314-ffc9db56986f fwd="201.232.140.62" dyno=web.1 connect=1ms service=103ms status=200 bytes=230721 protocol=https 
941134238878150733	2018-06-06T21:38:30	2018-06-06T21:38:30Z	1058480271	api-ciudades-seguras-pdn	54.157.213.241	Local3	Info	heroku/router	at=info method=POST path="/api/v1/events_query" host=api-ciudades-seguras-pdn.herokuapp.com request_id=c9191746-f3b5-45b1-a9fc-38bc8ec19fd9 fwd="201.232.140.62" dyno=web.1 connect=0ms service=104ms status=200 bytes=285761 protocol=https 
941134249699455000	2018-06-06T21:38:32	2018-06-06T21:38:33Z	1058480271	api-ciudades-seguras-pdn	54.90.66.83	Local3	Info	heroku/router	at=info method=OPTIONS path="/api/v1/events" host=api-ciudades-seguras-pdn.herokuapp.com request_id=4da73a9f-707b-416c-aa8f-33bf45c52e66 fwd="186.27.172.125" dyno=web.1 connect=1ms service=4ms status=200 bytes=321 protocol=https 
941134249858842634	2018-06-06T21:38:32	2018-06-06T21:38:33Z	1058480271	api-ciudades-seguras-pdn	174.129.115.15	Local3	Info	heroku/router	at=info method=POST path="/api/v1/events" host=api-ciudades-seguras-pdn.herokuapp.com request_id=774ff850-51ff-4c51-81d0-6cabfdd9f4aa fwd="186.27.172.125" dyno=web.1 connect=1ms service=22ms status=200 bytes=726 protocol=https 
941134250794172446	2018-06-06T21:38:33	2018-06-06T21:38:33Z	1058480271	api-ciudades-seguras-pdn	54.80.56.89	Local3	Info	heroku/router	at=info method=GET path="/api/v1/events/689" host=api-ciudades-seguras-pdn.herokuapp.com request_id=78aae831-6054-40c9-b522-a3b6c4014b9e fwd="186.27.172.125" dyno=web.1 connect=0ms service=8ms status=200 bytes=726 protocol=https 
941134257798660157	2018-06-06T21:38:34	2018-06-06T21:38:35Z	1058480271	api-ciudades-seguras-pdn	54.226.251.135	Local3	Info	heroku/router	at=info method=POST path="/api/v1/events_query" host=api-ciudades-seguras-pdn.herokuapp.com request_id=e41f6313-7e26-42da-ae3c-eb1712176875 fwd="201.232.140.62" dyno=web.1 connect=1ms service=154ms status=200 bytes=353413 protocol=https 
941134393635393576	2018-06-06T21:39:01	2018-06-06T21:39:07Z	1058480271	api-ciudades-seguras-pdn	54.82.21.53	Local3	Info	heroku/router	at=info method=GET path="/api/v1/riskObjects" host=api-ciudades-seguras-pdn.herokuapp.com request_id=93561772-0e06-4a3b-bb51-d63ff2ca86a9 fwd="186.27.172.125" dyno=web.1 connect=1ms service=10ms status=200 bytes=1232 protocol=https 
941134397754200068	2018-06-06T21:39:08	2018-06-06T21:39:08Z	1058480271	api-ciudades-seguras-pdn	54.82.21.53	Local3	Info	heroku/router	at=info method=GET path="/api/v1/riskObjects" host=api-ciudades-seguras-pdn.herokuapp.com request_id=35149960-8380-41b5-8fec-532a98397c77 fwd="186.27.172.125" dyno=web.1 connect=0ms service=8ms status=200 bytes=1232 protocol=https 
941134406016974903	2018-06-06T21:39:09	2018-06-06T21:39:10Z	1058480271	api-ciudades-seguras-pdn	54.161.148.27	Local3	Info	heroku/router	at=info method=GET path="/api/v1/events/risk-objects" host=api-ciudades-seguras-pdn.herokuapp.com request_id=819e7952-4abb-4c43-93c3-585f484b652c fwd="186.27.172.125" dyno=web.1 connect=0ms service=18ms status=200 bytes=748 protocol=https 
941134410282582019	2018-06-06T21:39:04	2018-06-06T21:39:11Z	1058480271	api-ciudades-seguras-pdn	54.162.167.81	Local3	Info	heroku/router	at=info method=GET path="/api/v1/events/689" host=api-ciudades-seguras-pdn.herokuapp.com request_id=05d19eaf-d676-46b5-be99-4a9a25a837fb fwd="186.27.172.125" dyno=web.1 connect=0ms service=10ms status=200 bytes=726 protocol=https 
941141859513286673	2018-06-06T22:08:41	2018-06-06T22:08:47Z	1058480271	api-ciudades-seguras-pdn	54.145.244.21	Local3	Info	heroku/router	at=info method=GET path="/api/v1/events/risk-objects" host=api-ciudades-seguras-pdn.herokuapp.com request_id=6a1b32b0-ea29-49ad-8ba1-9aa3a2b337fd fwd="190.145.247.232" dyno=web.1 connect=0ms service=17ms status=200 bytes=748 protocol=https 
941141895349407812	2018-06-06T22:08:55	2018-06-06T22:08:55Z	1058480271	api-ciudades-seguras-pdn	54.162.20.145	Local3	Info	heroku/router	at=info method=GET path="/api/v1/riskObjects" host=api-ciudades-seguras-pdn.herokuapp.com request_id=8fc75163-f9a1-4901-ae85-d8f409a9aeac fwd="190.145.247.232" dyno=web.1 connect=0ms service=9ms status=200 bytes=1232 protocol=https 
941143519845298200	2018-06-06T22:15:22	2018-06-06T22:15:23Z	1058480271	api-ciudades-seguras-pdn	54.221.158.91	Local3	Info	heroku/router	at=info method=OPTIONS path="/api/v1/events" host=api-ciudades-seguras-pdn.herokuapp.com request_id=1369f9a3-7237-4b88-b526-1b2cd4052ba8 fwd="190.145.247.232" dyno=web.1 connect=1ms service=3ms status=200 bytes=321 protocol=https 
941143526400995336	2018-06-06T22:15:24	2018-06-06T22:15:24Z	1058480271	api-ciudades-seguras-pdn	54.226.214.204	Local3	Info	heroku/router	at=info method=GET path="/api/v1/events/690" host=api-ciudades-seguras-pdn.herokuapp.com request_id=98f1e233-f7e2-480d-bac5-18f9af641ff2 fwd="190.145.247.232" dyno=web.1 connect=1ms service=10ms status=200 bytes=717 protocol=https 
941143549230596105	2018-06-06T22:15:23	2018-06-06T22:15:30Z	1058480271	api-ciudades-seguras-pdn	54.162.161.144	Local3	Info	heroku/router	at=info method=POST path="/api/v1/events" host=api-ciudades-seguras-pdn.herokuapp.com request_id=80424d56-f82a-4c88-815e-5d53c2ebcc8f fwd="190.145.247.232" dyno=web.1 connect=1ms service=15ms status=200 bytes=717 protocol=https 
941143813866012712	2018-06-06T22:16:32	2018-06-06T22:16:33Z	1058480271	api-ciudades-seguras-pdn	54.198.231.177	Local3	Info	heroku/router	at=info method=GET path="/api/v1/riskObjects" host=api-ciudades-seguras-pdn.herokuapp.com request_id=dd3b8a72-d7cc-4891-b383-439449b2b756 fwd="190.145.247.232" dyno=web.1 connect=0ms service=9ms status=200 bytes=1232 protocol=https 
941143829938589696	2018-06-06T22:16:36	2018-06-06T22:16:37Z	1058480271	api-ciudades-seguras-pdn	54.166.106.103	Local3	Info	heroku/router	at=info method=GET path="/api/v1/events/risk-objects" host=api-ciudades-seguras-pdn.herokuapp.com request_id=247516d8-223d-4df9-a901-e1da110e1319 fwd="190.145.247.232" dyno=web.1 connect=0ms service=13ms status=200 bytes=748 protocol=https 
941145798497423390	2018-06-06T22:24:26	2018-06-06T22:24:26Z	1058480271	api-ciudades-seguras-pdn	54.159.233.97	Local3	Info	heroku/router	at=info method=GET path="/api/v1/events/risk-objects" host=api-ciudades-seguras-pdn.herokuapp.com request_id=2de80ebc-63b7-4c0d-a0c4-a7000523f4a9 fwd="181.159.30.153" dyno=web.1 connect=0ms service=15ms status=200 bytes=748 protocol=https 
941145853203726368	2018-06-06T22:24:39	2018-06-06T22:24:39Z	1058480271	api-ciudades-seguras-pdn	54.87.87.248	Local3	Info	heroku/router	at=info method=GET path="/api/v1/riskObjects" host=api-ciudades-seguras-pdn.herokuapp.com request_id=dd88d1b1-72b3-4bfc-ac99-7c6cb1ddc6b0 fwd="181.159.30.153" dyno=web.1 connect=0ms service=8ms status=200 bytes=1232 protocol=https 
941146349637357571	2018-06-06T22:26:37	2018-06-06T22:26:37Z	1058480271	api-ciudades-seguras-pdn	54.196.62.49	Local3	Info	heroku/router	at=info method=GET path="/api/v1/events/risk-objects" host=api-ciudades-seguras-pdn.herokuapp.com request_id=ef5e527c-a6f5-40d6-be6e-5f1baff82adf fwd="190.24.25.106" dyno=web.1 connect=0ms service=14ms status=200 bytes=748 protocol=https 
941146357090619524	2018-06-06T22:26:39	2018-06-06T22:26:39Z	1058480271	api-ciudades-seguras-pdn	54.197.95.76	Local3	Info	heroku/router	at=info method=GET path="/api/v1/events/risk-objects" host=api-ciudades-seguras-pdn.herokuapp.com request_id=1b9d90ad-f765-4bf5-b51c-85bf26221cc9 fwd="181.159.30.153" dyno=web.1 connect=0ms service=11ms status=200 bytes=748 protocol=https 
941146389042839568	2018-06-06T22:26:46	2018-06-06T22:26:47Z	1058480271	api-ciudades-seguras-pdn	54.221.158.91	Local3	Info	heroku/router	at=info method=GET path="/api/v1/riskObjects" host=api-ciudades-seguras-pdn.herokuapp.com request_id=78250519-318d-44c2-af6a-a76166b48432 fwd="190.24.25.106" dyno=web.1 connect=0ms service=8ms status=200 bytes=1232 protocol=https 
941146720300568625	2018-06-06T22:28:02	2018-06-06T22:28:06Z	1058480271	api-ciudades-seguras-pdn	54.224.142.117	Local3	Info	heroku/router	at=info method=GET path="/api/v1/events/risk-objects" host=api-ciudades-seguras-pdn.herokuapp.com request_id=1d43c5e1-786b-4504-845a-503b65ee1c56 fwd="181.225.98.186" dyno=web.1 connect=0ms service=11ms status=200 bytes=748 protocol=https 
941152336452661305	2018-06-06T22:50:24	2018-06-06T22:50:25Z	1058480271	api-ciudades-seguras-pdn	54.224.20.91	Local3	Info	heroku/router	at=info method=GET path="/api/v1/events/risk-objects" host=api-ciudades-seguras-pdn.herokuapp.com request_id=c2392005-ee20-4cf9-805d-f23625efe0b0 fwd="186.31.231.44" dyno=web.1 connect=0ms service=16ms status=200 bytes=748 protocol=https 
941153266321461250	2018-06-06T22:54:06	2018-06-06T22:54:06Z	1058480271	api-ciudades-seguras-pdn	54.226.251.135	Local3	Info	heroku/router	at=info method=GET path="/api/v1/events/risk-objects" host=api-ciudades-seguras-pdn.herokuapp.com request_id=a954ed90-7026-48af-b01a-5d9a62e5c14b fwd="186.31.231.44" dyno=web.1 connect=0ms service=18ms status=200 bytes=748 protocol=https 
941153468365295627	2018-06-06T22:54:54	2018-06-06T22:54:55Z	1058480271	api-ciudades-seguras-pdn	54.235.15.142	Local3	Info	heroku/router	at=info method=GET path="/api/v1/events/risk-objects" host=api-ciudades-seguras-pdn.herokuapp.com request_id=10f8c764-a79d-46e7-b030-b65ee01e2b4e fwd="190.158.8.139" dyno=web.1 connect=0ms service=13ms status=200 bytes=748 protocol=https 
941153481866760211	2018-06-06T22:54:57	2018-06-06T22:54:58Z	1058480271	api-ciudades-seguras-pdn	184.73.43.14	Local3	Info	heroku/router	at=info method=GET path="/api/v1/riskObjects" host=api-ciudades-seguras-pdn.herokuapp.com request_id=6120f0fd-9329-42c0-b1a4-7040f3105643 fwd="190.158.8.139" dyno=web.1 connect=0ms service=10ms status=200 bytes=1232 protocol=https 
941153521775546531	2018-06-06T22:55:07	2018-06-06T22:55:07Z	1058480271	api-ciudades-seguras-pdn	54.211.28.187	Local3	Info	heroku/router	at=info method=GET path="/api/v1/events/risk-objects" host=api-ciudades-seguras-pdn.herokuapp.com request_id=2fbd3dfb-8d6d-4f59-82e5-81398693027e fwd="186.31.231.44" dyno=web.1 connect=1ms service=13ms status=200 bytes=748 protocol=https 
941153532903047170	2018-06-06T22:55:10	2018-06-06T22:55:10Z	1058480271	api-ciudades-seguras-pdn	54.242.124.150	Local3	Info	heroku/router	at=info method=GET path="/api/v1/riskObjects" host=api-ciudades-seguras-pdn.herokuapp.com request_id=342ad7f0-760c-49c9-b9ca-824315073e89 fwd="186.31.231.44" dyno=web.1 connect=0ms service=9ms status=200 bytes=1232 protocol=https 
941154326473756710	2018-06-06T22:58:19	2018-06-06T22:58:19Z	1058480271	api-ciudades-seguras-pdn	54.235.15.142	Local3	Info	heroku/router	at=info method=OPTIONS path="/api/v1/events" host=api-ciudades-seguras-pdn.herokuapp.com request_id=150178c2-ca9a-4142-a94f-a64c6dcea9cd fwd="186.31.231.44" dyno=web.1 connect=0ms service=3ms status=200 bytes=321 protocol=https 
941154328201793585	2018-06-06T22:58:19	2018-06-06T22:58:20Z	1058480271	api-ciudades-seguras-pdn	54.211.106.126	Local3	Info	heroku/router	at=info method=POST path="/api/v1/events" host=api-ciudades-seguras-pdn.herokuapp.com request_id=a7834f20-2258-4051-952b-c8d67f8c88e0 fwd="186.31.231.44" dyno=web.1 connect=0ms service=14ms status=200 bytes=665 protocol=https 
941154353887723532	2018-06-06T22:58:19	2018-06-06T22:58:26Z	1058480271	api-ciudades-seguras-pdn	54.159.214.23	Local3	Info	heroku/router	at=info method=GET path="/api/v1/events/691" host=api-ciudades-seguras-pdn.herokuapp.com request_id=2e4a306f-15c0-4fc1-8218-fc00876909f5 fwd="186.31.231.44" dyno=web.1 connect=0ms service=8ms status=200 bytes=665 protocol=https 
941154836324946005	2018-06-06T23:00:20	2018-06-06T23:00:21Z	1058480271	api-ciudades-seguras-pdn	50.17.80.51	Local3	Info	heroku/router	at=info method=GET path="/api/v1/riskObjects" host=api-ciudades-seguras-pdn.herokuapp.com request_id=81d6c799-0597-4df5-9872-26b0dc7466ae fwd="186.31.231.44" dyno=web.1 connect=0ms service=8ms status=200 bytes=1232 protocol=https 
941155770090274819	2018-06-06T23:04:03	2018-06-06T23:04:03Z	1058480271	api-ciudades-seguras-pdn	54.196.238.213	Local3	Info	heroku/router	at=info method=GET path="/api/v1/events/risk-objects" host=api-ciudades-seguras-pdn.herokuapp.com request_id=b793405f-2557-4b80-b048-4cbc84621e07 fwd="186.31.149.137" dyno=web.1 connect=1ms service=13ms status=200 bytes=748 protocol=https 
941155813685874696	2018-06-06T23:04:14	2018-06-06T23:04:14Z	1058480271	api-ciudades-seguras-pdn	54.80.166.131	Local3	Info	heroku/router	at=info method=GET path="/api/v1/riskObjects" host=api-ciudades-seguras-pdn.herokuapp.com request_id=7a13f1e0-e3ce-423c-ae70-49e4914a5d6d fwd="186.31.149.137" dyno=web.1 connect=1ms service=16ms status=200 bytes=1232 protocol=https 
941155844455284745	2018-06-06T23:04:21	2018-06-06T23:04:21Z	1058480271	api-ciudades-seguras-pdn	54.161.94.157	Local3	Info	heroku/router	at=info method=GET path="/api/v1/events/risk-objects" host=api-ciudades-seguras-pdn.herokuapp.com request_id=0ca72aa2-758d-41a7-9a1a-a12651e0e730 fwd="186.155.17.249" dyno=web.1 connect=0ms service=17ms status=200 bytes=748 protocol=https 
941155871206555664	2018-06-06T23:04:27	2018-06-06T23:04:28Z	1058480271	api-ciudades-seguras-pdn	54.197.95.76	Local3	Info	heroku/router	at=info method=GET path="/api/v1/riskObjects" host=api-ciudades-seguras-pdn.herokuapp.com request_id=caac404b-1453-4995-a647-c97aa2e9b0a8 fwd="186.155.17.249" dyno=web.1 connect=0ms service=13ms status=200 bytes=1232 protocol=https 
941157190050922533	2018-06-06T23:09:42	2018-06-06T23:09:42Z	1058480271	api-ciudades-seguras-pdn	54.224.74.33	Local3	Info	heroku/router	at=info method=GET path="/api/v1/events/risk-objects" host=api-ciudades-seguras-pdn.herokuapp.com request_id=53c1be62-07a0-4659-ba44-9de7032f5f66 fwd="186.154.37.47" dyno=web.1 connect=0ms service=16ms status=200 bytes=748 protocol=https 
941157241393401865	2018-06-06T23:09:54	2018-06-06T23:09:54Z	1058480271	api-ciudades-seguras-pdn	54.226.251.135	Local3	Info	heroku/router	at=info method=GET path="/api/v1/riskObjects" host=api-ciudades-seguras-pdn.herokuapp.com request_id=6313ed29-f48e-4872-9c39-9275344f589f fwd="186.154.37.47" dyno=web.1 connect=0ms service=8ms status=200 bytes=1232 protocol=https 
941157581773737987	2018-06-06T23:11:15	2018-06-06T23:11:15Z	1058480271	api-ciudades-seguras-pdn	54.221.156.10	Local3	Info	heroku/router	at=info method=GET path="/api/v1/events/risk-objects" host=api-ciudades-seguras-pdn.herokuapp.com request_id=478e1a83-a068-4b12-9fc8-00544e43684a fwd="186.154.37.47" dyno=web.1 connect=0ms service=16ms status=200 bytes=748 protocol=https 
941162435682381829	2018-06-06T23:30:32	2018-06-06T23:30:33Z	1058480271	api-ciudades-seguras-pdn	54.159.74.235	Local3	Info	heroku/router	at=info method=GET path="/api/v1/events/risk-objects" host=api-ciudades-seguras-pdn.herokuapp.com request_id=25857af6-1870-4a31-a232-6d5e12c4932c fwd="190.158.29.153" dyno=web.1 connect=0ms service=11ms status=200 bytes=748 protocol=https 
941163170901921852	2018-06-06T23:33:28	2018-06-06T23:33:28Z	1058480271	api-ciudades-seguras-pdn	54.224.142.117	Local3	Info	heroku/router	at=info method=GET path="/api/v1/riskObjects" host=api-ciudades-seguras-pdn.herokuapp.com request_id=e70831ae-a4fd-4537-b0d8-0bd29cf06079 fwd="190.158.29.153" dyno=web.1 connect=0ms service=8ms status=200 bytes=1232 protocol=https 
941163388045246465	2018-06-06T23:34:19	2018-06-06T23:34:20Z	1058480271	api-ciudades-seguras-pdn	184.73.117.70	Local3	Info	heroku/router	at=info method=GET path="/api/v1/events/risk-objects" host=api-ciudades-seguras-pdn.herokuapp.com request_id=a6d73b18-96f8-4497-8bae-44750a2cea8a fwd="190.158.29.153" dyno=web.1 connect=0ms service=14ms status=200 bytes=748 protocol=https 
941163411613028392	2018-06-06T23:34:25	2018-06-06T23:34:25Z	1058480271	api-ciudades-seguras-pdn	54.221.156.10	Local3	Info	heroku/router	at=info method=GET path="/api/v1/riskObjects" host=api-ciudades-seguras-pdn.herokuapp.com request_id=42a0fe30-90df-4ce1-aa53-b4341411e8ff fwd="190.158.29.153" dyno=web.1 connect=0ms service=8ms status=200 bytes=1232 protocol=https 
941163412607086605	2018-06-06T23:34:25	2018-06-06T23:34:26Z	1058480271	api-ciudades-seguras-pdn	54.167.158.243	Local3	Info	heroku/router	at=info method=GET path="/api/v1/events/risk-objects" host=api-ciudades-seguras-pdn.herokuapp.com request_id=3f3ec17b-050a-4260-9dc0-0865b1a16859 fwd="190.158.29.153" dyno=web.1 connect=0ms service=12ms status=200 bytes=748 protocol=https 
941163415304032261	2018-06-06T23:34:26	2018-06-06T23:34:26Z	1058480271	api-ciudades-seguras-pdn	54.161.148.27	Local3	Info	heroku/router	at=info method=OPTIONS path="/api/v1/events_query" host=api-ciudades-seguras-pdn.herokuapp.com request_id=71d019b8-a5bb-4592-bef0-05243e4a8a5e fwd="190.158.29.153" dyno=web.1 connect=0ms service=5ms status=200 bytes=321 protocol=https 
941163427190689820	2018-06-06T23:34:29	2018-06-06T23:34:29Z	1058480271	api-ciudades-seguras-pdn	54.161.148.27	Local3	Info	heroku/router	at=info method=POST path="/api/v1/events_query" host=api-ciudades-seguras-pdn.herokuapp.com request_id=bcd1f930-7092-4fb7-baf9-8fcf10c9aa29 fwd="190.158.29.153" dyno=web.1 connect=0ms service=75ms status=200 bytes=212386 protocol=https 
941163795119226887	2018-06-06T23:35:56	2018-06-06T23:35:57Z	1058480271	api-ciudades-seguras-pdn	54.242.240.66	Local3	Info	heroku/router	at=info method=GET path="/api/v1/events/risk-objects" host=api-ciudades-seguras-pdn.herokuapp.com request_id=a13b2260-3dab-42d3-a27a-ee38a5116b11 fwd="181.57.250.223" dyno=web.1 connect=0ms service=11ms status=200 bytes=748 protocol=https 
941163853675905029	2018-06-06T23:36:10	2018-06-06T23:36:11Z	1058480271	api-ciudades-seguras-pdn	54.221.176.168	Local3	Info	heroku/router	at=info method=GET path="/api/v1/riskObjects" host=api-ciudades-seguras-pdn.herokuapp.com request_id=3e2dc477-1bbc-4f37-937e-ddf7bec8f0d8 fwd="181.57.250.223" dyno=web.1 connect=0ms service=7ms status=200 bytes=1232 protocol=https 
941164073675534344	2018-06-06T23:37:03	2018-06-06T23:37:03Z	1058480271	api-ciudades-seguras-pdn	54.159.74.235	Local3	Info	heroku/router	at=info method=GET path="/api/v1/events/risk-objects" host=api-ciudades-seguras-pdn.herokuapp.com request_id=c81ff882-2f17-480d-a464-d864a5ed2004 fwd="181.57.250.223" dyno=web.1 connect=0ms service=11ms status=200 bytes=748 protocol=https 
941164632801431575	2018-06-06T23:39:16	2018-06-06T23:39:16Z	1058480271	api-ciudades-seguras-pdn	54.226.251.135	Local3	Info	heroku/router	at=info method=GET path="/api/v1/events/risk-objects" host=api-ciudades-seguras-pdn.herokuapp.com request_id=cf7f1bc8-0b1a-4a9c-a919-e1e106d244de fwd="181.54.69.202" dyno=web.1 connect=0ms service=23ms status=200 bytes=748 protocol=https 
941164669879074877	2018-06-06T23:39:25	2018-06-06T23:39:25Z	1058480271	api-ciudades-seguras-pdn	54.80.144.28	Local3	Info	heroku/router	at=info method=GET path="/api/v1/riskObjects" host=api-ciudades-seguras-pdn.herokuapp.com request_id=1ec8e54f-6726-4723-a05b-d9b3763bd6eb fwd="181.54.69.202" dyno=web.1 connect=0ms service=10ms status=200 bytes=1232 protocol=https 
941166011225886721	2018-06-06T23:44:45	2018-06-06T23:44:45Z	1058480271	api-ciudades-seguras-pdn	184.73.117.70	Local3	Info	heroku/router	at=info method=GET path="/api/v1/events/risk-objects" host=api-ciudades-seguras-pdn.herokuapp.com request_id=46e941ca-c797-4ab2-952e-f55a1e2b07c4 fwd="181.54.69.202" dyno=web.1 connect=0ms service=14ms status=200 bytes=748 protocol=https 
941166042683158540	2018-06-06T23:44:52	2018-06-06T23:44:53Z	1058480271	api-ciudades-seguras-pdn	54.162.79.59	Local3	Info	heroku/router	at=info method=GET path="/api/v1/riskObjects" host=api-ciudades-seguras-pdn.herokuapp.com request_id=b90b16c0-8581-48d6-9095-9fa6e9c43fef fwd="181.54.69.202" dyno=web.1 connect=0ms service=8ms status=200 bytes=1232 protocol=https 
941166135620550660	2018-06-06T23:45:14	2018-06-06T23:45:15Z	1058480271	api-ciudades-seguras-pdn	54.90.222.183	Local3	Info	heroku/router	at=info method=GET path="/api/v1/events/risk-objects" host=api-ciudades-seguras-pdn.herokuapp.com request_id=2b4c66fd-1048-4e54-b828-ae385564264a fwd="181.54.69.202" dyno=web.1 connect=1ms service=16ms status=200 bytes=748 protocol=https 
941166139873574946	2018-06-06T23:45:15	2018-06-06T23:45:16Z	1058480271	api-ciudades-seguras-pdn	54.166.232.224	Local3	Info	heroku/router	at=info method=GET path="/api/v1/riskObjects" host=api-ciudades-seguras-pdn.herokuapp.com request_id=a19be283-9d88-4607-9a96-b666e758903a fwd="181.54.69.202" dyno=web.1 connect=1ms service=13ms status=200 bytes=1232 protocol=https 
941166165270089737	2018-06-06T23:45:22	2018-06-06T23:45:22Z	1058480271	api-ciudades-seguras-pdn	184.73.117.70	Local3	Info	heroku/router	at=info method=GET path="/api/v1/events/risk-objects" host=api-ciudades-seguras-pdn.herokuapp.com request_id=26336003-98f1-41ca-93de-acde62211909 fwd="181.54.69.202" dyno=web.1 connect=0ms service=14ms status=200 bytes=748 protocol=https 
941166165647577094	2018-06-06T23:45:22	2018-06-06T23:45:22Z	1058480271	api-ciudades-seguras-pdn	54.211.106.126	Local3	Info	heroku/router	at=info method=GET path="/api/v1/riskObjects" host=api-ciudades-seguras-pdn.herokuapp.com request_id=884545b7-edea-46c0-9dca-52c37f3aa044 fwd="181.54.69.202" dyno=web.1 connect=0ms service=8ms status=200 bytes=1232 protocol=https 
941166166079586313	2018-06-06T23:45:22	2018-06-06T23:45:22Z	1058480271	api-ciudades-seguras-pdn	54.161.130.254	Local3	Info	heroku/router	at=info method=OPTIONS path="/api/v1/events_query" host=api-ciudades-seguras-pdn.herokuapp.com request_id=0a027436-e7cf-4199-93c6-8ba0767faf1d fwd="181.54.69.202" dyno=web.1 connect=0ms service=3ms status=200 bytes=321 protocol=https 
941166166536769538	2018-06-06T23:45:22	2018-06-06T23:45:22Z	1058480271	api-ciudades-seguras-pdn	184.73.117.70	Local3	Info	heroku/router	at=info method=POST path="/api/v1/events_query" host=api-ciudades-seguras-pdn.herokuapp.com request_id=97f210ea-6cb0-4cce-a178-d4b7d53aa83b fwd="181.54.69.202" dyno=web.1 connect=0ms service=132ms status=200 bytes=354365 protocol=https 
941166180914835520	2018-06-06T23:45:25	2018-06-06T23:45:26Z	1058480271	api-ciudades-seguras-pdn	54.159.233.97	Local3	Info	heroku/router	at=info method=POST path="/api/v1/events_query" host=api-ciudades-seguras-pdn.herokuapp.com request_id=9df6e2b8-62a5-4700-b667-08e1d0c3e0dc fwd="181.54.69.202" dyno=web.1 connect=1ms service=78ms status=200 bytes=212386 protocol=https 
941166197155172466	2018-06-06T23:45:29	2018-06-06T23:45:29Z	1058480271	api-ciudades-seguras-pdn	54.167.136.171	Local3	Info	heroku/router	at=info method=POST path="/api/v1/events_query" host=api-ciudades-seguras-pdn.herokuapp.com request_id=79bbc6c4-2ba5-4359-a43f-5547afe8c7ef fwd="181.54.69.202" dyno=web.1 connect=0ms service=121ms status=200 bytes=354365 protocol=https 
941166241316999168	2018-06-06T23:45:40	2018-06-06T23:45:40Z	1058480271	api-ciudades-seguras-pdn	54.162.28.15	Local3	Info	heroku/router	at=info method=GET path="/api/v1/riskObjects" host=api-ciudades-seguras-pdn.herokuapp.com request_id=c13fc12a-4d00-4e9f-8d72-fb4701942f32 fwd="181.54.69.202" dyno=web.1 connect=0ms service=8ms status=200 bytes=1232 protocol=https 
941166244760530945	2018-06-06T23:45:41	2018-06-06T23:45:41Z	1058480271	api-ciudades-seguras-pdn	54.162.79.59	Local3	Info	heroku/router	at=info method=GET path="/api/v1/events/risk-objects" host=api-ciudades-seguras-pdn.herokuapp.com request_id=4ae4e074-bf4c-41df-ad83-92459b1cc09c fwd="181.54.69.202" dyno=web.1 connect=0ms service=14ms status=200 bytes=748 protocol=https 
941166252339630097	2018-06-06T23:45:42	2018-06-06T23:45:43Z	1058480271	api-ciudades-seguras-pdn	50.17.80.51	Local3	Info	heroku/router	at=info method=GET path="/api/v1/riskObjects" host=api-ciudades-seguras-pdn.herokuapp.com request_id=31b15ffe-b940-47b0-b0e9-88bdf8293f4e fwd="181.54.69.202" dyno=web.1 connect=0ms service=7ms status=200 bytes=1232 protocol=https 
941166262582120463	2018-06-06T23:45:45	2018-06-06T23:45:45Z	1058480271	api-ciudades-seguras-pdn	54.162.161.144	Local3	Info	heroku/router	at=info method=GET path="/api/v1/events/risk-objects" host=api-ciudades-seguras-pdn.herokuapp.com request_id=861b9d35-6fa6-453b-b6bd-1f25dc940740 fwd="181.54.69.202" dyno=web.1 connect=0ms service=11ms status=200 bytes=748 protocol=https 
941167367462457432	2018-06-06T23:50:07	2018-06-06T23:50:08Z	1058480271	api-ciudades-seguras-pdn	54.162.167.81	Local3	Info	heroku/router	at=info method=GET path="/api/v1/events/risk-objects" host=api-ciudades-seguras-pdn.herokuapp.com request_id=e771f090-75c3-4c1e-a367-0570cf4366a2 fwd="181.130.202.9" dyno=web.1 connect=0ms service=23ms status=200 bytes=748 protocol=https 
941168458975563790	2018-06-06T23:54:28	2018-06-06T23:54:29Z	1058480271	api-ciudades-seguras-pdn	54.157.213.241	Local3	Info	heroku/router	at=info method=GET path="/api/v1/events/risk-objects" host=api-ciudades-seguras-pdn.herokuapp.com request_id=55bda96a-3882-40fc-9f76-df56e4414f6c fwd="181.56.190.125" dyno=web.1 connect=1ms service=21ms status=200 bytes=748 protocol=https 
941168653121507331	2018-06-06T23:55:15	2018-06-06T23:55:15Z	1058480271	api-ciudades-seguras-pdn	107.21.130.73	Local3	Info	heroku/router	at=info method=GET path="/api/v1/riskObjects" host=api-ciudades-seguras-pdn.herokuapp.com request_id=490801e7-8427-495f-8abc-4989c811cba4 fwd="181.56.190.125" dyno=web.1 connect=6ms service=8ms status=200 bytes=1232 protocol=https 
941168738119077895	2018-06-06T23:55:35	2018-06-06T23:55:35Z	1058480271	api-ciudades-seguras-pdn	54.162.20.145	Local3	Info	heroku/router	at=info method=GET path="/api/v1/events/risk-objects" host=api-ciudades-seguras-pdn.herokuapp.com request_id=991b91eb-43d4-461b-8df7-84fdb2f2b2a6 fwd="186.146.98.89" dyno=web.1 connect=1ms service=27ms status=200 bytes=748 protocol=https 
941168864732516446	2018-06-06T23:56:05	2018-06-06T23:56:05Z	1058480271	api-ciudades-seguras-pdn	54.196.100.221	Local3	Info	heroku/router	at=info method=GET path="/api/v1/riskObjects" host=api-ciudades-seguras-pdn.herokuapp.com request_id=3d5b0f83-2618-4493-83e9-d045579d983f fwd="186.146.98.89" dyno=web.1 connect=1ms service=10ms status=200 bytes=1232 protocol=https 
941169232270999553	2018-06-06T23:57:33	2018-06-06T23:57:33Z	1058480271	api-ciudades-seguras-pdn	54.167.136.171	Local3	Info	heroku/router	at=info method=GET path="/api/v1/events/risk-objects" host=api-ciudades-seguras-pdn.herokuapp.com request_id=29bc77ef-835e-4391-8ee3-ccad73dfbca8 fwd="181.56.190.125" dyno=web.1 connect=0ms service=11ms status=200 bytes=748 protocol=https 
